{"stats":{"minecraft:used":{"minecraft:cooked_mutton":1,"minecraft:stone_pickaxe":127,"minecraft:iron_sword":28,"minecraft:torch":244,"minecraft:dirt":7,"sanitydim:garland":2,"minecraft:crafting_table":5,"minecraft:white_bed":6,"minecraft:dark_oak_planks":6,"minecraft:wooden_axe":11,"minecraft:lantern":1,"minecraft:iron_axe":117,"minecraft:bread":36,"minecraft:iron_pickaxe":2,"minecraft:birch_sapling":2,"tombstone:magic_scroll":2,"minecraft:iron_helmet":1,"minecraft:stone_bricks":2,"minecraft:yellow_wool":4,"minecraft:item_frame":1,"minecraft:cobblestone":16,"minecraft:tall_grass":1,"minecraft:white_banner":2,"minecraft:chain":1,"tombstone:gift":1,"quark:oak_chest":4,"minecraft:egg":1,"minecraft:acacia_planks":27},"minecraft:broken":{"minecraft:stone_pickaxe":1,"minecraft:iron_axe":1},"minecraft:killed":{"born_in_chaos_v1:restless_spirit":1,"born_in_chaos_v1:zombie_lumberjack":1,"enemyexpansion:sprinter":1,"enemyexpansion:direwolf":1,"minecraft:zoglin":1,"minecraft:zombie_horse":1,"born_in_chaos_v1:decrepit_skeleton":1,"born_in_chaos_v1:maggot":3,"minecraft:pillager":5,"minecraft:zombie":6,"minecraft:ghast":1,"born_in_chaos_v1:mr_pumpkin_controlled":1,"enemyexpansion:wasp":1},"minecraft:dropped":{"minecraft:wheat_seeds":2,"minecraft:dirt":2,"sanitydim:garland":2,"born_in_chaos_v1:dark_rod":1,"minecraft:bone":1},"minecraft:mined":{"minecraft:white_bed":7,"quark:oak_chest":3,"minecraft:dandelion":14,"minecraft:crafting_table":4,"minecraft:cornflower":2,"minecraft:torch":7,"minecraft:dark_oak_fence":6,"minecraft:acacia_log":18,"minecraft:grass_block":7,"minecraft:cobblestone":1,"minecraft:oxeye_daisy":3,"minecraft:hay_block":10,"minecraft:yellow_wool":4,"minecraft:fire":3,"minecraft:gold_block":2,"minecraft:azure_bluet":2,"minecraft:grass":19,"minecraft:oak_log":34,"minecraft:coal_ore":100,"minecraft:dirt":7,"minecraft:acacia_planks":1,"minecraft:stone_bricks":2,"minecraft:stone":13,"minecraft:oak_leaves":7},"minecraft:crafted":{"minecraft:oak_planks":80,"minecraft:coal":36,"minecraft:crafting_table":3,"born_in_chaos_v1:dark_charge":4,"sanitydim:garland":2,"minecraft:birch_planks":4,"minecraft:stick":68,"minecraft:iron_pickaxe":1,"minecraft:stone_pickaxe":1,"minecraft:wooden_axe":1,"minecraft:gold_ingot":18,"minecraft:acacia_planks":32,"minecraft:dark_oak_planks":8,"minecraft:torch":236,"minecraft:wheat":90},"minecraft:picked_up":{"minecraft:birch_log":1,"born_in_chaos_v1:corpse_maggot":3,"minecraft:seagrass":3,"minecraft:crafting_table":4,"minecraft:azure_bluet":2,"minecraft:glow_ink_sac":1,"minecraft:yellow_wool":4,"minecraft:lead":3,"minecraft:gold_block":2,"minecraft:turtle_egg":1,"minecraft:oak_log":29,"minecraft:chain":1,"minecraft:golden_sword":1,"minecraft:gunpowder":2,"minecraft:cornflower":2,"minecraft:dirt":11,"minecraft:lantern":1,"minecraft:cooked_mutton":2,"minecraft:item_frame":1,"minecraft:experience_bottle":1,"minecraft:bone":4,"minecraft:acacia_planks":1,"minecraft:stone_bricks":2,"minecraft:wheat_seeds":5,"minecraft:iron_ingot":1,"minecraft:iron_sword":1,"minecraft:egg":1,"minecraft:acacia_log":18,"minecraft:torch":8,"born_in_chaos_v1:ethereal_spirit":1,"minecraft:dandelion":13,"born_in_chaos_v1:dark_rod":2,"tombstone:grave_dust":2,"minecraft:white_bed":7,"quark:oak_chest":3,"minecraft:arrow":2,"minecraft:rotten_flesh":19,"minecraft:diamond":1,"minecraft:hay_block":10,"minecraft:oak_sapling":4,"minecraft:dark_oak_fence":6,"minecraft:coal":100,"minecraft:cobblestone":14,"minecraft:oxeye_daisy":3},"minecraft:custom":{"minecraft:interact_with_furnace":3,"minecraft:mob_kills":28,"tombstone:raider_killed":5,"minecraft:interact_with_crafting_table":10,"minecraft:open_barrel":1,"minecraft:damage_dealt_resisted":659,"minecraft:leave_game":5,"minecraft:time_since_death":77511,"minecraft:sleep_in_bed":7,"minecraft:climb_one_cm":1068,"minecraft:time_since_rest":18703,"minecraft:sprint_one_cm":319625,"minecraft:damage_taken":1093,"minecraft:walk_one_cm":135921,"minecraft:drop":6,"minecraft:damage_dealt":5316,"minecraft:swim_one_cm":792,"minecraft:fly_one_cm":566217,"minecraft:open_chest":56,"minecraft:crouch_one_cm":11267,"minecraft:play_time":77511,"tombstone:undead_killed":11,"minecraft:sneak_time":4263,"minecraft:walk_under_water_one_cm":1333,"minecraft:jump":2210,"minecraft:walk_on_water_one_cm":2717,"minecraft:total_world_time":77511,"minecraft:inspect_dispenser":2,"minecraft:fall_one_cm":67711}},"DataVersion":3465}