{"stats":{"minecraft:broken":{"minecraft:wooden_shovel":1,"minecraft:iron_boots":1,"minecraft:stone_pickaxe":1,"minecraft:iron_axe":1},"minecraft:used":{"minecraft:acacia_log":1,"minecraft:shield":6,"minecraft:iron_sword":159,"minecraft:wooden_shovel":63,"minecraft:torch":345,"minecraft:dirt":7,"sanitydim:garland":2,"minecraft:wooden_axe":26,"minecraft:dark_oak_planks":6,"minecraft:lava_bucket":3,"minecraft:lantern":1,"minecraft:iron_axe":130,"minecraft:birch_sapling":2,"mowziesmobs:clawed_log":1,"minecraft:iron_helmet":1,"minecraft:stone_bricks":2,"minecraft:item_frame":1,"minecraft:golden_sword":5,"minecraft:tall_grass":1,"tombstone:gift":2,"minecraft:egg":1,"minecraft:acacia_planks":27,"minecraft:cooked_mutton":3,"minecraft:stone_pickaxe":127,"minecraft:cherry_planks":16,"minecraft:sand":1,"minecraft:crafting_table":7,"minecraft:crossbow":1,"minecraft:white_bed":6,"mowziesmobs:wrought_axe":1,"minecraft:bread":64,"minecraft:iron_pickaxe":209,"tombstone:magic_scroll":2,"mowziesmobs:sol_visage":1,"minecraft:yellow_wool":4,"minecraft:cobblestone":17,"travelersbackpack:standard":9,"minecraft:white_banner":2,"mowziesmobs:umvuthana_mask_fury":1,"minecraft:bucket":4,"minecraft:chain":1,"minecraft:yellow_bed":2,"quark:oak_chest":10},"minecraft:killed":{"born_in_chaos_v1:zombie_lumberjack":3,"born_in_chaos_v1:restless_spirit":1,"mowziesmobs:umvuthi":1,"minecraft:spider":1,"enemyexpansion:direwolf":1,"minecraft:zoglin":1,"minecraft:zombie_horse":1,"born_in_chaos_v1:baby_skeleton_minion":2,"born_in_chaos_v1:maggot":4,"minecraft:skeleton":1,"mowziesmobs:ferrous_wroughtnaut":1,"mowziesmobs:umvuthana_crane":7,"born_in_chaos_v1:skeleton_thrasher":1,"mowziesmobs:umvuthana":4,"born_in_chaos_v1:mr_pumpkin_controlled":1,"born_in_chaos_v1:bonescaller":1,"born_in_chaos_v1:baby_skeleton":1,"enemyexpansion:tarantula":1,"enemyexpansion:sprinter":1,"born_in_chaos_v1:decrepit_skeleton":1,"minecraft:pillager":6,"minecraft:zombie":9,"born_in_chaos_v1:corpse_fly":1,"minecraft:ghast":1,"enemyexpansion:wasp":1,"minecraft:cow":4},"minecraft:dropped":{"minecraft:wheat_seeds":3,"minecraft:ender_pearl":1,"mowziesmobs:wrought_axe":1,"minecraft:lava_bucket":2,"minecraft:dirt":2,"tombstone:magic_scroll":1,"epicpaladins:cryorium_gem":4,"mowziesmobs:wrought_helmet":1,"minecraft:iron_axe":1,"minecraft:bone":1,"minecraft:rotten_flesh":2,"sanitydim:garland":2,"minecraft:golden_sword":1,"born_in_chaos_v1:dark_rod":1},"minecraft:mined":{"minecraft:white_bed":7,"minecraft:deepslate_diamond_ore":5,"minecraft:cobblestone_stairs":2,"mowziesmobs:clawed_log":1,"minecraft:dark_oak_fence":6,"minecraft:acacia_log":29,"minecraft:grass_block":9,"minecraft:oxeye_daisy":3,"epicpaladins:deepslate_arclight_ore":6,"minecraft:hay_block":10,"minecraft:iron_ore":16,"minecraft:fire":5,"minecraft:andesite":3,"evilcraft:dark_ore":1,"minecraft:azure_bluet":2,"minecraft:gold_block":3,"minecraft:deepslate_iron_ore":31,"minecraft:pointed_dripstone":3,"minecraft:dirt_path":2,"minecraft:cobblestone_slab":1,"minecraft:stone":33,"minecraft:acacia_leaves":3,"quark:oak_chest":4,"minecraft:dandelion":14,"travelersbackpack:standard":5,"minecraft:crafting_table":5,"minecraft:cornflower":2,"minecraft:torch":8,"minecraft:stone_slab":2,"minecraft:cobblestone":1,"minecraft:tall_grass":4,"minecraft:deepslate_gold_ore":1,"minecraft:oak_planks":11,"minecraft:sugar_cane":2,"minecraft:wall_torch":1,"minecraft:skeleton_skull":3,"minecraft:yellow_wool":4,"epicpaladins:deepslate_cryorium_ore":2,"minecraft:yellow_bed":2,"minecraft:grass":42,"minecraft:coal_ore":193,"minecraft:oak_log":42,"minecraft:sand":60,"minecraft:dirt":15,"minecraft:acacia_planks":1,"minecraft:stone_bricks":2,"minecraft:deepslate":12,"minecraft:oak_leaves":7},"minecraft:crafted":{"minecraft:cherry_planks":16,"minecraft:oak_planks":116,"minecraft:coal":36,"born_in_chaos_v1:dark_charge":4,"sanitydim:garland":2,"minecraft:iron_axe":1,"minecraft:stone_pickaxe":1,"minecraft:dark_oak_planks":8,"minecraft:wheat":90,"minecraft:wooden_shovel":2,"minecraft:crafting_table":5,"minecraft:bucket":1,"minecraft:birch_planks":4,"minecraft:air":0,"minecraft:jungle_planks":8,"minecraft:stick":136,"quark:oak_chest":5,"minecraft:iron_ingot":8,"minecraft:iron_pickaxe":2,"minecraft:wooden_axe":1,"minecraft:gold_ingot":18,"minecraft:acacia_planks":40,"minecraft:torch":332},"minecraft:killed_by":{"mowziesmobs:ferrous_wroughtnaut":2},"minecraft:picked_up":{"minecraft:seagrass":3,"born_in_chaos_v1:diamond_termite_shard":1,"minecraft:crafting_table":5,"minecraft:azure_bluet":2,"born_in_chaos_v1:seedof_chaos":1,"minecraft:yellow_wool":4,"minecraft:lead":3,"minecraft:stone_slab":2,"minecraft:gold_block":3,"minecraft:turtle_egg":1,"minecraft:chain":1,"minecraft:shield":1,"minecraft:golden_sword":1,"minecraft:cornflower":2,"minecraft:string":3,"evilcraft:ender_tear":1,"minecraft:iron_axe":1,"minecraft:item_frame":1,"minecraft:experience_bottle":1,"minecraft:cobbled_deepslate":12,"minecraft:beef":11,"minecraft:cobblestone_slab":1,"minecraft:sugar_cane":5,"minecraft:egg":4,"minecraft:raw_iron":18,"born_in_chaos_v1:shattered_skull":2,"epicpaladins:arclight_gem":6,"mowziesmobs:sol_visage":1,"minecraft:torch":11,"minecraft:acacia_log":29,"minecraft:cherry_log":4,"minecraft:pointed_dripstone":4,"tombstone:grave_dust":4,"born_in_chaos_v1:pieceofdarkmetal":4,"mowziesmobs:umvuthana_mask_faith":13,"epicpaladins:cryorium_gem":5,"minecraft:arrow":5,"minecraft:rotten_flesh":31,"minecraft:hay_block":10,"mowziesmobs:umvuthana_mask_bliss":8,"minecraft:skeleton_skull":3,"minecraft:cobblestone":34,"minecraft:oxeye_daisy":3,"minecraft:birch_log":1,"born_in_chaos_v1:corpse_maggot":4,"mowziesmobs:umvuthana_mask_fury":3,"minecraft:feather":17,"born_in_chaos_v1:spiritual_dust":3,"minecraft:glow_ink_sac":1,"minecraft:andesite":3,"minecraft:jungle_log":2,"minecraft:leather":6,"minecraft:oak_log":37,"evilcraft:flesh_humanoid":1,"minecraft:yellow_bed":2,"minecraft:cobblestone_stairs":2,"minecraft:gunpowder":4,"mowziesmobs:wrought_axe":1,"minecraft:dirt":16,"minecraft:lantern":1,"minecraft:cooked_mutton":2,"minecraft:bone":15,"minecraft:acacia_planks":1,"minecraft:stone_bricks":2,"mowziesmobs:umvuthana_mask_rage":5,"minecraft:wheat_seeds":8,"minecraft:raw_gold":1,"minecraft:iron_ingot":32,"minecraft:oak_planks":11,"minecraft:iron_sword":1,"mowziesmobs:umvuthana_mask_misery":5,"mowziesmobs:clawed_log":1,"born_in_chaos_v1:ethereal_spirit":1,"minecraft:dandelion":13,"minecraft:dripstone_block":3,"minecraft:lava_bucket":1,"minecraft:sand":60,"born_in_chaos_v1:dark_rod":3,"mowziesmobs:wrought_helmet":1,"minecraft:white_bed":7,"minecraft:grass_block":1,"quark:oak_chest":4,"travelersbackpack:standard":5,"minecraft:diamond":6,"evilcraft:dark_gem":4,"mowziesmobs:umvuthana_mask_fear":1,"tombstone:magic_scroll":1,"minecraft:oak_sapling":5,"minecraft:coal":214,"minecraft:dark_oak_fence":6,"minecraft:ender_pearl":1},"minecraft:custom":{"minecraft:mob_kills":65,"minecraft:animals_bred":5,"minecraft:interact_with_crafting_table":16,"minecraft:open_barrel":1,"minecraft:damage_dealt_resisted":919,"minecraft:leave_game":5,"minecraft:time_since_death":33578,"minecraft:climb_one_cm":1068,"minecraft:damage_resisted":321,"minecraft:sprint_one_cm":562532,"minecraft:walk_one_cm":352425,"minecraft:damage_blocked_by_shield":105,"minecraft:drop":21,"minecraft:play_time":149511,"minecraft:deaths":2,"minecraft:sneak_time":8184,"minecraft:walk_under_water_one_cm":1612,"minecraft:jump":3913,"minecraft:walk_on_water_one_cm":3783,"minecraft:total_world_time":149511,"minecraft:interact_with_furnace":5,"tombstone:raider_killed":6,"minecraft:sleep_in_bed":12,"minecraft:time_since_rest":29015,"minecraft:damage_taken":3129,"minecraft:damage_dealt":12113,"minecraft:swim_one_cm":4755,"minecraft:fly_one_cm":952183,"minecraft:open_chest":101,"minecraft:crouch_one_cm":23626,"tombstone:undead_killed":22,"minecraft:fall_one_cm":114162,"minecraft:inspect_dispenser":2}},"DataVersion":3465}