{"stats":{"minecraft:custom":{"minecraft:interact_with_smithing_table":3,"minecraft:mob_kills":105,"minecraft:animals_bred":5,"minecraft:interact_with_crafting_table":28,"minecraft:open_barrel":3,"minecraft:damage_dealt_resisted":1166,"minecraft:eat_cake_slice":3,"minecraft:leave_game":6,"minecraft:time_since_death":105488,"minecraft:damage_resisted":629,"minecraft:climb_one_cm":2751,"minecraft:sprint_one_cm":828903,"minecraft:walk_one_cm":518181,"minecraft:damage_blocked_by_shield":1025,"minecraft:drop":50,"minecraft:play_time":221421,"minecraft:sneak_time":11125,"minecraft:deaths":2,"minecraft:walk_under_water_one_cm":2927,"minecraft:jump":5356,"minecraft:interact_with_blast_furnace":1,"minecraft:walk_on_water_one_cm":6298,"minecraft:total_world_time":221421,"minecraft:interact_with_furnace":9,"tombstone:raider_killed":8,"minecraft:interact_with_loom":1,"minecraft:sleep_in_bed":15,"minecraft:time_since_rest":16313,"minecraft:damage_taken":4685,"minecraft:trigger_trapped_chest":2,"minecraft:damage_dealt":17708,"minecraft:swim_one_cm":11889,"minecraft:fly_one_cm":1222529,"minecraft:open_chest":158,"minecraft:crouch_one_cm":30118,"tombstone:undead_killed":43,"minecraft:fish_caught":8,"minecraft:fall_one_cm":149221,"minecraft:inspect_dispenser":2},"minecraft:picked_up":{"minecraft:seagrass":3,"minecraft:crafting_table":7,"born_in_chaos_v1:diamond_termite_shard":1,"minecraft:wheat":34,"minecraft:azure_bluet":2,"born_in_chaos_v1:river_mint":2,"born_in_chaos_v1:seedof_chaos":1,"minecraft:yellow_wool":4,"minecraft:stone_slab":2,"minecraft:lead":3,"minecraft:potion":1,"minecraft:gold_block":3,"minecraft:turtle_egg":1,"minecraft:chain":1,"minecraft:shield":1,"minecraft:golden_sword":1,"minecraft:amethyst_block":3,"minecraft:cornflower":2,"minecraft:string":5,"evilcraft:ender_tear":2,"minecraft:iron_axe":1,"minecraft:item_frame":1,"epicpaladins:bloodstone_gem":23,"minecraft:experience_bottle":1,"minecraft:beetroot":4,"minecraft:cobbled_deepslate":49,"minecraft:beef":11,"minecraft:cobblestone_slab":1,"minecraft:calcite":1,"minecraft:sugar_cane":5,"minecraft:egg":4,"minecraft:raw_iron":18,"born_in_chaos_v1:shattered_skull":2,"epicpaladins:arclight_gem":19,"mowziesmobs:sol_visage":1,"minecraft:torch":13,"minecraft:acacia_log":29,"minecraft:cherry_log":4,"minecraft:pointed_dripstone":4,"tombstone:grave_dust":5,"born_in_chaos_v1:pieceofdarkmetal":7,"minecraft:carrot":31,"minecraft:redstone":48,"mowziesmobs:umvuthana_mask_faith":13,"evilcraft:box_of_eternal_closure":2,"minecraft:arrow":7,"epicpaladins:cryorium_gem":12,"minecraft:rotten_flesh":36,"minecraft:beetroot_seeds":6,"minecraft:peony":9,"minecraft:hay_block":10,"alexscaves:spelunkery_table":1,"mowziesmobs:umvuthana_mask_bliss":8,"minecraft:gold_ingot":10,"minecraft:cod":8,"minecraft:skeleton_skull":3,"minecraft:cobblestone":34,"minecraft:oxeye_daisy":4,"minecraft:stripped_oak_log":7,"minecraft:birch_log":1,"born_in_chaos_v1:corpse_maggot":4,"mowziesmobs:umvuthana_mask_fury":3,"minecraft:feather":17,"minecraft:tripwire_hook":1,"born_in_chaos_v1:monster_flesh":1,"minecraft:glow_ink_sac":1,"born_in_chaos_v1:spiritual_dust":3,"minecraft:andesite":3,"minecraft:jungle_log":2,"minecraft:leather":6,"born_in_chaos_v1:shell_mace":1,"minecraft:potato":23,"minecraft:oak_log":59,"evilcraft:flesh_humanoid":1,"minecraft:yellow_bed":2,"minecraft:gunpowder":6,"minecraft:cobblestone_stairs":2,"mowziesmobs:wrought_axe":1,"minecraft:dirt":40,"minecraft:lantern":1,"minecraft:cooked_mutton":2,"minecraft:bone":24,"minecraft:acacia_planks":1,"minecraft:stone_bricks":2,"mowziesmobs:umvuthana_mask_rage":5,"minecraft:kelp":6,"minecraft:bow":1,"minecraft:wheat_seeds":68,"minecraft:raw_gold":1,"minecraft:iron_ingot":57,"tombstone:bag_of_seeds":1,"minecraft:iron_sword":1,"minecraft:oak_planks":11,"mowziesmobs:umvuthana_mask_misery":5,"minecraft:book":6,"minecraft:oak_slab":1,"artifacts:obsidian_skull":3,"minecraft:smooth_basalt":2,"mowziesmobs:clawed_log":1,"minecraft:pumpkin":2,"born_in_chaos_v1:ethereal_spirit":1,"minecraft:dandelion":23,"minecraft:dripstone_block":3,"minecraft:lava_bucket":1,"minecraft:sand":60,"born_in_chaos_v1:dark_rod":3,"mowziesmobs:wrought_helmet":1,"minecraft:blast_furnace":1,"minecraft:white_bed":7,"minecraft:grass_block":1,"quark:oak_chest":4,"travelersbackpack:standard":7,"minecraft:diamond":8,"evilcraft:dark_gem":49,"mowziesmobs:umvuthana_mask_fear":1,"tombstone:magic_scroll":1,"minecraft:oak_sapling":5,"minecraft:dark_oak_fence":6,"minecraft:coal":214,"minecraft:ender_pearl":1},"minecraft:used":{"minecraft:iron_shovel":20,"minecraft:acacia_log":1,"minecraft:shield":44,"minecraft:iron_sword":159,"minecraft:wooden_shovel":63,"minecraft:iron_chestplate":1,"minecraft:torch":569,"minecraft:dirt":17,"sanitydim:garland":3,"minecraft:dark_oak_planks":6,"minecraft:wooden_axe":26,"minecraft:lava_bucket":3,"minecraft:lantern":1,"minecraft:iron_axe":173,"minecraft:birch_sapling":2,"mowziesmobs:clawed_log":1,"minecraft:iron_helmet":1,"minecraft:smooth_basalt":2,"minecraft:item_frame":1,"minecraft:stone_bricks":2,"minecraft:golden_sword":5,"minecraft:tall_grass":1,"tombstone:gift":2,"minecraft:egg":1,"minecraft:cobbled_deepslate":22,"minecraft:acacia_planks":27,"minecraft:cooked_mutton":3,"minecraft:powered_rail":4,"minecraft:stone_pickaxe":127,"minecraft:cherry_planks":16,"minecraft:sand":1,"minecraft:oak_slab":1,"minecraft:crafting_table":12,"minecraft:crossbow":1,"minecraft:white_bed":6,"mowziesmobs:wrought_axe":1,"minecraft:diamond_pickaxe":13,"minecraft:bread":93,"minecraft:iron_pickaxe":331,"tombstone:magic_scroll":2,"mowziesmobs:sol_visage":2,"minecraft:yellow_wool":4,"minecraft:fishing_rod":16,"minecraft:potion":1,"minecraft:cobblestone":17,"travelersbackpack:standard":16,"mowziesmobs:umvuthana_mask_fury":1,"minecraft:white_banner":2,"epicpaladins:bloodstone_sword":87,"minecraft:bucket":4,"minecraft:chain":1,"minecraft:yellow_bed":2,"quark:oak_chest":10},"minecraft:broken":{"minecraft:wooden_shovel":1,"minecraft:iron_boots":1,"minecraft:iron_chestplate":1,"minecraft:iron_leggings":1,"sanitydim:garland":1,"minecraft:stone_pickaxe":1,"minecraft:iron_axe":1,"minecraft:iron_pickaxe":1},"minecraft:killed":{"minecraft:witch":2,"born_in_chaos_v1:restless_spirit":1,"born_in_chaos_v1:zombie_lumberjack":3,"enemyexpansion:equestrian":1,"mowziesmobs:umvuthi":1,"minecraft:spider":2,"enemyexpansion:direwolf":2,"minecraft:zoglin":1,"minecraft:zombie_horse":1,"born_in_chaos_v1:baby_skeleton_minion":2,"born_in_chaos_v1:maggot":8,"minecraft:skeleton":2,"mowziesmobs:ferrous_wroughtnaut":1,"enemyexpansion:silverqueen":1,"mowziesmobs:umvuthana_crane":7,"minecraft:silverfish":3,"born_in_chaos_v1:skeleton_thrasher":1,"mowziesmobs:umvuthana":4,"born_in_chaos_v1:mr_pumpkin_controlled":1,"born_in_chaos_v1:bonescaller":1,"born_in_chaos_v1:baby_skeleton":1,"born_in_chaos_v1:spirit_guide_assistant":1,"enemyexpansion:tarantula":1,"enemyexpansion:sprinter":2,"minecraft:creeper":1,"born_in_chaos_v1:decrepit_skeleton":3,"minecraft:pillager":6,"minecraft:zombie":23,"born_in_chaos_v1:dread_hound":1,"born_in_chaos_v1:corpse_fly":1,"enemyexpansion:botfly":4,"minecraft:ghast":1,"enemyexpansion:wasp":1,"minecraft:cow":4,"enemyexpansion:slugger":1},"minecraft:mined":{"alexscaves:spelunkery_table":1,"minecraft:white_bed":7,"minecraft:deepslate_diamond_ore":7,"minecraft:cobblestone_stairs":2,"mowziesmobs:clawed_log":1,"minecraft:dark_oak_fence":6,"minecraft:acacia_log":29,"minecraft:grass_block":20,"minecraft:oxeye_daisy":4,"epicpaladins:deepslate_arclight_ore":19,"minecraft:hay_block":10,"minecraft:iron_ore":16,"minecraft:fire":5,"evilcraft:box_of_eternal_closure":1,"minecraft:andesite":3,"minecraft:pumpkin":2,"evilcraft:dark_ore":3,"minecraft:peony":9,"minecraft:azure_bluet":2,"minecraft:gold_block":3,"minecraft:bookshelf":2,"minecraft:dirt_path":2,"minecraft:pointed_dripstone":3,"minecraft:cobblestone_slab":1,"minecraft:deepslate_iron_ore":56,"minecraft:stripped_oak_log":10,"minecraft:stone":33,"minecraft:deepslate_redstone_ore":10,"minecraft:oak_slab":1,"minecraft:acacia_leaves":3,"epicpaladins:deepslate_bloodstone_ore":19,"quark:oak_chest":4,"minecraft:dandelion":24,"travelersbackpack:standard":7,"minecraft:cornflower":2,"minecraft:crafting_table":7,"minecraft:torch":8,"minecraft:blast_furnace":1,"minecraft:calcite":1,"minecraft:stone_slab":2,"minecraft:tall_grass":4,"minecraft:cobblestone":1,"minecraft:deepslate_gold_ore":11,"minecraft:oak_planks":11,"minecraft:sugar_cane":2,"minecraft:wall_torch":1,"minecraft:amethyst_block":3,"minecraft:skeleton_skull":3,"evilcraft:dark_ore_deepslate":8,"minecraft:yellow_wool":4,"epicpaladins:deepslate_cryorium_ore":9,"minecraft:tnt":1,"minecraft:yellow_bed":2,"minecraft:grass":43,"minecraft:coal_ore":193,"minecraft:oak_log":64,"minecraft:sand":60,"minecraft:dirt":29,"minecraft:cobweb":1,"minecraft:smooth_basalt":2,"minecraft:acacia_planks":1,"minecraft:stone_bricks":2,"minecraft:deepslate":43,"minecraft:oak_leaves":7},"minecraft:killed_by":{"mowziesmobs:ferrous_wroughtnaut":2},"minecraft:crafted":{"evilcraft:dark_spike":48,"minecraft:cherry_planks":16,"minecraft:oak_planks":160,"minecraft:coal":36,"minecraft:fishing_rod":1,"travelersbackpack:crafting_upgrade":1,"born_in_chaos_v1:dark_charge":4,"sanitydim:garland":3,"epicpaladins:bloodstone_sword":1,"travelersbackpack:blank_upgrade":4,"minecraft:glass":59,"evilcraft:blood_extractor":19,"minecraft:iron_axe":1,"minecraft:stone_pickaxe":1,"minecraft:dark_oak_planks":8,"minecraft:wheat":90,"minecraft:wooden_shovel":2,"minecraft:crafting_table":8,"travelersbackpack:backpack_tank":2,"minecraft:bucket":1,"minecraft:birch_planks":4,"minecraft:bread":32,"minecraft:air":0,"minecraft:jungle_planks":8,"minecraft:stick":180,"quark:oak_chest":6,"minecraft:iron_ingot":8,"minecraft:iron_pickaxe":2,"minecraft:wooden_axe":1,"minecraft:gold_ingot":18,"minecraft:acacia_planks":40,"minecraft:torch":660},"minecraft:dropped":{"minecraft:iron_sword":1,"minecraft:wheat_seeds":3,"minecraft:ender_pearl":1,"mowziesmobs:wrought_axe":1,"minecraft:cod":1,"minecraft:lava_bucket":2,"born_in_chaos_v1:monster_flesh":1,"minecraft:dirt":2,"tombstone:bag_of_seeds":1,"minecraft:torch":64,"tombstone:magic_scroll":1,"artifacts:obsidian_skull":2,"epicpaladins:cryorium_gem":4,"mowziesmobs:wrought_helmet":1,"minecraft:iron_axe":1,"born_in_chaos_v1:shell_mace":1,"minecraft:string":2,"minecraft:fishing_rod":1,"minecraft:bone":2,"minecraft:kelp":6,"minecraft:wheat":1,"epicpaladins:bloodstone_gem":9,"evilcraft:box_of_eternal_closure":1,"minecraft:rotten_flesh":4,"sanitydim:garland":2,"minecraft:golden_sword":1,"minecraft:arrow":4,"born_in_chaos_v1:dark_rod":1}},"DataVersion":3465}