{"stats":{"minecraft:custom":{"minecraft:time_since_rest":26086,"minecraft:interact_with_furnace":1,"minecraft:sprint_one_cm":137159,"minecraft:damage_taken":195,"minecraft:walk_one_cm":118209,"minecraft:mob_kills":3,"minecraft:drop":2,"minecraft:damage_dealt":808,"minecraft:play_time":36659,"minecraft:interact_with_crafting_table":5,"minecraft:open_chest":15,"minecraft:fly_one_cm":192914,"minecraft:open_barrel":19,"minecraft:crouch_one_cm":5176,"tombstone:undead_killed":3,"minecraft:sneak_time":1396,"minecraft:jump":808,"minecraft:leave_game":2,"minecraft:time_since_death":36659,"minecraft:sleep_in_bed":5,"minecraft:total_world_time":36659,"minecraft:climb_one_cm":3757,"minecraft:fall_one_cm":26445},"minecraft:picked_up":{"minecraft:book":2,"minecraft:ghast_tear":1,"minecraft:stick":2,"minecraft:wheat":33,"born_in_chaos_v1:river_mint":8,"minecraft:iron_door":1,"minecraft:wooden_pickaxe":1,"minecraft:oak_log":4,"minecraft:iron_axe":1,"minecraft:gunpowder":1,"minecraft:dirt":2,"minecraft:lantern":1,"minecraft:brown_carpet":1,"minecraft:iron_leggings":1,"minecraft:armor_stand":1,"minecraft:arrow":1,"minecraft:bone":4,"minecraft:zombie_head":1,"minecraft:rotten_flesh":5,"minecraft:bow":1,"minecraft:pumpkin_pie":2,"minecraft:wheat_seeds":69,"minecraft:hay_block":28,"minecraft:stone_pickaxe":1,"minecraft:oak_sapling":8,"minecraft:coal":4,"minecraft:cobblestone":109,"minecraft:egg":1},"minecraft:dropped":{"minecraft:iron_leggings":1,"minecraft:wooden_pickaxe":1},"minecraft:crafted":{"minecraft:oak_planks":16,"minecraft:stick":4,"minecraft:wooden_pickaxe":1,"minecraft:stone_pickaxe":1,"minecraft:stone_sword":1,"minecraft:bread":41,"minecraft:wheat":90},"minecraft:mined":{"minecraft:hay_block":24,"minecraft:fire":1,"minecraft:brown_carpet":1,"born_in_chaos_v1:river_mint":8,"minecraft:grass":5,"minecraft:oak_log":4,"minecraft:grass_block":2,"minecraft:coal_ore":4,"minecraft:zombie_head":1,"minecraft:tall_grass":1,"minecraft:cobblestone":18,"minecraft:stone":92,"minecraft:oak_leaves":2,"minecraft:iron_door":1},"minecraft:killed":{"minecraft:zombie":1,"born_in_chaos_v1:zombie_clown_not_despawn":1,"born_in_chaos_v1:decrepit_skeleton":1},"minecraft:used":{"minecraft:stone_sword":20,"minecraft:lantern":1,"minecraft:armor_stand":1,"minecraft:bread":9,"minecraft:stone_pickaxe":109,"minecraft:map":1,"minecraft:iron_helmet":1,"minecraft:wooden_pickaxe":6,"minecraft:iron_boots":1,"minecraft:torch":3,"minecraft:iron_door":1,"minecraft:iron_chestplate":1,"minecraft:dirt":2,"minecraft:cobblestone":23,"minecraft:brown_carpet":1,"born_in_chaos_v1:river_mint":1,"minecraft:pumpkin_pie":1,"minecraft:iron_leggings":1}},"DataVersion":3465}