{"stats":{"minecraft:killed":{"minecraft:zombie":3,"born_in_chaos_v1:zombie_lumberjack":1,"born_in_chaos_v1:maggot":1},"minecraft:mined":{"minecraft:white_bed":6,"quark:oak_chest":2,"minecraft:crafting_table":1,"minecraft:coal_ore":17,"minecraft:acacia_log":10,"minecraft:grass_block":2,"minecraft:oak_log":5,"minecraft:dirt":3,"minecraft:stone":1,"minecraft:oak_leaves":1},"minecraft:picked_up":{"minecraft:birch_log":1,"born_in_chaos_v1:corpse_maggot":1,"minecraft:crafting_table":1,"minecraft:acacia_log":10,"minecraft:white_bed":6,"quark:oak_chest":2,"minecraft:dirt":4,"minecraft:bone":2,"minecraft:item_frame":1,"minecraft:arrow":2,"minecraft:experience_bottle":1,"minecraft:rotten_flesh":6,"minecraft:iron_ingot":1,"minecraft:coal":17,"minecraft:cobblestone":1},"minecraft:used":{"minecraft:cooked_mutton":1,"minecraft:iron_axe":32,"minecraft:bread":10,"minecraft:stone_pickaxe":18,"minecraft:torch":104,"minecraft:item_frame":1,"minecraft:dirt":2,"minecraft:white_banner":2,"quark:oak_chest":1,"minecraft:white_bed":5},"minecraft:crafted":{"minecraft:coal":36,"minecraft:stick":24,"minecraft:torch":108,"minecraft:birch_planks":4},"minecraft:custom":{"minecraft:time_since_rest":9876,"minecraft:sprint_one_cm":52578,"minecraft:damage_taken":446,"minecraft:walk_one_cm":38597,"minecraft:mob_kills":5,"minecraft:damage_dealt":934,"minecraft:swim_one_cm":272,"minecraft:interact_with_crafting_table":1,"minecraft:fly_one_cm":108703,"minecraft:open_chest":11,"minecraft:crouch_one_cm":3033,"minecraft:play_time":21785,"tombstone:undead_killed":4,"minecraft:sneak_time":862,"minecraft:walk_under_water_one_cm":849,"minecraft:jump":443,"minecraft:leave_game":2,"minecraft:time_since_death":21785,"minecraft:walk_on_water_one_cm":397,"minecraft:sleep_in_bed":4,"minecraft:climb_one_cm":564,"minecraft:total_world_time":21785,"minecraft:fall_one_cm":13045,"minecraft:inspect_dispenser":2}},"DataVersion":3465}