{"stats":{"minecraft:killed":{"born_in_chaos_v1:zombie_lumberjack":1,"born_in_chaos_v1:restless_spirit":1,"enemyexpansion:sprinter":1,"minecraft:zoglin":1,"born_in_chaos_v1:maggot":1,"minecraft:pillager":4,"minecraft:zombie":6,"minecraft:ghast":1,"enemyexpansion:wasp":1},"minecraft:broken":{"minecraft:stone_pickaxe":1},"minecraft:mined":{"minecraft:white_bed":7,"quark:oak_chest":3,"minecraft:dandelion":14,"minecraft:crafting_table":3,"minecraft:cornflower":2,"minecraft:torch":7,"minecraft:dark_oak_fence":6,"minecraft:acacia_log":10,"minecraft:grass_block":3,"minecraft:cobblestone":1,"minecraft:oxeye_daisy":3,"minecraft:hay_block":10,"minecraft:yellow_wool":4,"minecraft:fire":3,"minecraft:azure_bluet":2,"minecraft:grass":9,"minecraft:oak_log":34,"minecraft:coal_ore":100,"minecraft:dirt":6,"minecraft:stone":13,"minecraft:stone_bricks":2,"minecraft:oak_leaves":7},"minecraft:picked_up":{"minecraft:birch_log":1,"minecraft:seagrass":3,"born_in_chaos_v1:corpse_maggot":1,"minecraft:crafting_table":3,"minecraft:azure_bluet":2,"minecraft:glow_ink_sac":1,"minecraft:yellow_wool":4,"minecraft:turtle_egg":1,"minecraft:oak_log":29,"minecraft:chain":1,"minecraft:gunpowder":2,"minecraft:cornflower":2,"minecraft:dirt":8,"minecraft:lantern":1,"minecraft:cooked_mutton":2,"minecraft:item_frame":1,"minecraft:experience_bottle":1,"minecraft:bone":2,"minecraft:stone_bricks":2,"minecraft:wheat_seeds":2,"minecraft:iron_ingot":1,"minecraft:dandelion":13,"minecraft:torch":7,"minecraft:acacia_log":10,"minecraft:white_bed":7,"quark:oak_chest":3,"minecraft:arrow":2,"minecraft:rotten_flesh":15,"minecraft:diamond":1,"minecraft:hay_block":10,"minecraft:oak_sapling":4,"minecraft:dark_oak_fence":6,"minecraft:coal":100,"minecraft:cobblestone":14,"minecraft:oxeye_daisy":3},"minecraft:dropped":{"sanitydim:garland":1},"minecraft:used":{"minecraft:cooked_mutton":1,"minecraft:stone_pickaxe":117,"minecraft:torch":221,"minecraft:dirt":6,"minecraft:crafting_table":2,"minecraft:white_bed":6,"minecraft:lantern":1,"minecraft:iron_axe":113,"minecraft:bread":23,"minecraft:birch_sapling":2,"minecraft:yellow_wool":4,"minecraft:stone_bricks":2,"minecraft:item_frame":1,"minecraft:cobblestone":9,"minecraft:white_banner":2,"minecraft:chain":1,"quark:oak_chest":4},"minecraft:crafted":{"minecraft:oak_planks":64,"minecraft:coal":36,"minecraft:crafting_table":1,"sanitydim:garland":1,"minecraft:birch_planks":4,"minecraft:stick":60,"minecraft:iron_pickaxe":1,"minecraft:stone_pickaxe":1,"minecraft:torch":236},"minecraft:custom":{"minecraft:interact_with_furnace":1,"minecraft:mob_kills":20,"tombstone:raider_killed":4,"minecraft:interact_with_crafting_table":6,"minecraft:leave_game":3,"minecraft:time_since_death":53275,"minecraft:sleep_in_bed":6,"minecraft:climb_one_cm":564,"minecraft:time_since_rest":21823,"minecraft:sprint_one_cm":198235,"minecraft:damage_taken":743,"minecraft:walk_one_cm":99335,"minecraft:drop":1,"minecraft:damage_dealt":3801,"minecraft:swim_one_cm":272,"minecraft:fly_one_cm":340438,"minecraft:open_chest":26,"minecraft:crouch_one_cm":8664,"minecraft:play_time":53275,"tombstone:undead_killed":9,"minecraft:sneak_time":2959,"minecraft:walk_under_water_one_cm":849,"minecraft:jump":1372,"minecraft:walk_on_water_one_cm":1072,"minecraft:total_world_time":53275,"minecraft:fall_one_cm":40912,"minecraft:inspect_dispenser":2}},"DataVersion":3465}