{"stats":{"minecraft:custom":{"minecraft:animals_bred":5,"minecraft:interact_with_crafting_table":33,"minecraft:open_barrel":3,"minecraft:eat_cake_slice":3,"minecraft:leave_game":6,"minecraft:time_since_death":52,"minecraft:damage_resisted":629,"minecraft:sprint_one_cm":947379,"minecraft:damage_blocked_by_shield":1290,"minecraft:drop":72,"minecraft:play_time":257421,"minecraft:deaths":3,"minecraft:jump":6249,"minecraft:walk_on_water_one_cm":40962,"minecraft:interact_with_furnace":13,"minecraft:interact_with_loom":1,"minecraft:sleep_in_bed":17,"minecraft:damage_dealt":26107,"minecraft:crouch_one_cm":34818,"tombstone:undead_killed":44,"minecraft:inspect_dispenser":2,"minecraft:interact_with_smithing_table":6,"minecraft:mob_kills":132,"minecraft:damage_dealt_resisted":2395,"minecraft:climb_one_cm":2751,"minecraft:walk_one_cm":594217,"minecraft:sneak_time":12862,"minecraft:walk_under_water_one_cm":2927,"minecraft:interact_with_blast_furnace":1,"minecraft:total_world_time":257421,"tombstone:raider_killed":8,"minecraft:time_since_rest":1,"minecraft:damage_taken":7162,"minecraft:trigger_trapped_chest":2,"minecraft:swim_one_cm":11889,"minecraft:fly_one_cm":1419470,"minecraft:open_chest":212,"minecraft:fish_caught":12,"minecraft:fall_one_cm":168508},"minecraft:picked_up":{"minecraft:seagrass":3,"minecraft:wheat":35,"minecraft:yellow_wool":4,"minecraft:lead":3,"minecraft:stone_slab":2,"minecraft:turtle_egg":1,"minecraft:potion":1,"minecraft:golden_sword":2,"minecraft:amethyst_block":3,"minecraft:string":5,"evilcraft:ender_tear":2,"epicpaladins:bloodstone_gem":23,"minecraft:pufferfish":1,"minecraft:experience_bottle":1,"minecraft:beetroot":4,"minecraft:cobbled_deepslate":49,"minecraft:cobblestone_slab":1,"minecraft:calcite":1,"born_in_chaos_v1:shattered_skull":2,"epicpaladins:arclight_gem":19,"mowziesmobs:sol_visage":1,"minecraft:torch":13,"minecraft:acacia_log":29,"minecraft:porkchop":2,"minecraft:cherry_log":4,"tombstone:grave_dust":5,"minecraft:pointed_dripstone":4,"minecraft:warped_planks":2,"epicpaladins:moonlight_gem":2,"evilcraft:box_of_eternal_closure":2,"minecraft:rotten_flesh":36,"epicpaladins:cryorium_gem":12,"minecraft:cod":11,"minecraft:cobblestone":34,"minecraft:birch_log":1,"minecraft:feather":17,"born_in_chaos_v1:spiritual_dust":3,"minecraft:jungle_log":2,"minecraft:andesite":3,"minecraft:golden_leggings":2,"minecraft:potato":23,"evilcraft:flesh_humanoid":1,"minecraft:dirt":47,"minecraft:lantern":1,"minecraft:bone":25,"minecraft:acacia_planks":1,"minecraft:bow":1,"minecraft:wheat_seeds":72,"minecraft:raw_gold":1,"minecraft:glowstone_dust":22,"minecraft:oak_planks":11,"minecraft:chiseled_polished_blackstone":2,"minecraft:warped_wart_block":1,"minecraft:sand":60,"minecraft:grass_block":1,"minecraft:diamond":8,"minecraft:cracked_polished_blackstone_bricks":2,"epicpaladins:angel_sword":1,"minecraft:oak_sapling":5,"minecraft:dark_oak_fence":6,"minecraft:fishing_rod":1,"born_in_chaos_v1:diamond_termite_shard":1,"minecraft:crafting_table":7,"minecraft:azure_bluet":2,"evilcraft:dark_power_gem":1,"minecraft:nether_wart":3,"born_in_chaos_v1:river_mint":2,"born_in_chaos_v1:seedof_chaos":1,"minecraft:gold_block":4,"minecraft:chain":1,"minecraft:shield":1,"minecraft:cornflower":2,"minecraft:iron_axe":1,"minecraft:item_frame":1,"minecraft:blackstone":12,"minecraft:beef":11,"minecraft:sugar_cane":5,"minecraft:egg":5,"minecraft:raw_iron":18,"minecraft:polished_blackstone_bricks":11,"born_in_chaos_v1:pieceofdarkmetal":7,"minecraft:carrot":35,"minecraft:redstone":48,"mowziesmobs:umvuthana_mask_faith":13,"minecraft:arrow":7,"minecraft:beetroot_seeds":6,"minecraft:peony":9,"minecraft:hay_block":10,"alexscaves:spelunkery_table":1,"mowziesmobs:umvuthana_mask_bliss":8,"minecraft:gold_ingot":10,"minecraft:skeleton_skull":3,"minecraft:oxeye_daisy":4,"minecraft:stripped_oak_log":7,"mowziesmobs:umvuthana_mask_fury":3,"born_in_chaos_v1:corpse_maggot":4,"minecraft:golden_carrot":16,"minecraft:basalt":5,"minecraft:glow_ink_sac":1,"born_in_chaos_v1:monster_flesh":1,"minecraft:tripwire_hook":1,"minecraft:leather":6,"born_in_chaos_v1:shell_mace":1,"minecraft:oak_log":59,"minecraft:golden_boots":1,"minecraft:yellow_bed":2,"minecraft:gunpowder":6,"minecraft:cobblestone_stairs":2,"mowziesmobs:wrought_axe":1,"minecraft:cooked_mutton":2,"minecraft:stone_bricks":2,"mowziesmobs:umvuthana_mask_rage":5,"minecraft:kelp":6,"minecraft:warped_stem":8,"minecraft:iron_ingot":57,"tombstone:bag_of_seeds":1,"minecraft:soul_sand":7,"mowziesmobs:umvuthana_mask_misery":5,"minecraft:iron_sword":1,"minecraft:book":6,"minecraft:oak_slab":1,"artifacts:obsidian_skull":3,"minecraft:smooth_basalt":2,"mowziesmobs:clawed_log":1,"minecraft:pumpkin":15,"born_in_chaos_v1:ethereal_spirit":1,"minecraft:dandelion":23,"minecraft:dripstone_block":3,"minecraft:lava_bucket":1,"born_in_chaos_v1:dark_rod":3,"mowziesmobs:wrought_helmet":1,"minecraft:blast_furnace":1,"minecraft:white_bed":7,"quark:oak_chest":4,"travelersbackpack:standard":8,"evilcraft:dark_gem":49,"mowziesmobs:umvuthana_mask_fear":1,"tombstone:magic_scroll":1,"minecraft:coal":216,"minecraft:ender_pearl":1},"minecraft:used":{"minecraft:iron_shovel":33,"minecraft:shield":50,"minecraft:iron_sword":286,"minecraft:iron_chestplate":1,"sanitydim:garland":3,"minecraft:lava_bucket":3,"minecraft:lantern":1,"minecraft:birch_sapling":2,"mowziesmobs:clawed_log":1,"minecraft:iron_helmet":1,"minecraft:stone_bricks":2,"minecraft:item_frame":1,"minecraft:golden_sword":5,"minecraft:bow":1,"minecraft:egg":2,"minecraft:stone_pickaxe":127,"minecraft:powered_rail":4,"minecraft:sand":1,"minecraft:crossbow":1,"minecraft:bread":104,"minecraft:chain":1,"minecraft:acacia_log":1,"minecraft:wooden_shovel":63,"minecraft:torch":591,"minecraft:dirt":24,"minecraft:wooden_axe":26,"minecraft:dark_oak_planks":6,"minecraft:iron_axe":198,"minecraft:smooth_basalt":2,"minecraft:golden_carrot":12,"minecraft:tall_grass":1,"tombstone:gift":2,"minecraft:acacia_planks":27,"minecraft:cobbled_deepslate":22,"minecraft:iron_leggings":1,"minecraft:cooked_mutton":3,"minecraft:cherry_planks":16,"minecraft:polished_blackstone_bricks":7,"minecraft:oak_slab":1,"minecraft:crafting_table":12,"minecraft:white_bed":6,"minecraft:warped_planks":33,"mowziesmobs:wrought_axe":1,"minecraft:diamond_pickaxe":42,"minecraft:iron_pickaxe":331,"tombstone:magic_scroll":2,"mowziesmobs:sol_visage":2,"minecraft:yellow_wool":4,"minecraft:fishing_rod":24,"minecraft:cobblestone":17,"minecraft:potion":1,"travelersbackpack:standard":20,"minecraft:white_banner":2,"mowziesmobs:umvuthana_mask_fury":1,"minecraft:bucket":4,"epicpaladins:bloodstone_sword":134,"minecraft:yellow_bed":2,"quark:oak_chest":10},"minecraft:broken":{"minecraft:wooden_shovel":1,"minecraft:iron_boots":1,"minecraft:iron_chestplate":1,"minecraft:iron_leggings":1,"sanitydim:garland":1,"minecraft:stone_pickaxe":1,"minecraft:iron_axe":1,"minecraft:iron_pickaxe":1},"minecraft:killed":{"born_in_chaos_v1:mr_pumpkin":9,"minecraft:witch":2,"born_in_chaos_v1:zombie_lumberjack":3,"born_in_chaos_v1:restless_spirit":1,"born_in_chaos_v1:sir_the_headless":1,"mowziesmobs:umvuthi":1,"minecraft:spider":2,"enemyexpansion:equestrian":1,"minecraft:zombie_horse":1,"born_in_chaos_v1:baby_skeleton_minion":2,"minecraft:skeleton":2,"mowziesmobs:umvuthana_crane":7,"born_in_chaos_v1:skeleton_thrasher":1,"minecraft:silverfish":3,"minecraft:piglin_brute":2,"minecraft:piglin":12,"born_in_chaos_v1:bonescaller":1,"minecraft:pig":1,"born_in_chaos_v1:bone_imp":1,"enemyexpansion:tarantula":1,"minecraft:creeper":1,"minecraft:pillager":6,"minecraft:zombie":23,"born_in_chaos_v1:dread_hound":1,"born_in_chaos_v1:corpse_fly":1,"enemyexpansion:botfly":4,"minecraft:ghast":1,"minecraft:cow":4,"enemyexpansion:wasp":1,"enemyexpansion:direwolf":2,"minecraft:zoglin":1,"born_in_chaos_v1:maggot":8,"mowziesmobs:ferrous_wroughtnaut":1,"enemyexpansion:silverqueen":1,"mowziesmobs:umvuthana":4,"born_in_chaos_v1:mr_pumpkin_controlled":1,"born_in_chaos_v1:felsteed":1,"born_in_chaos_v1:baby_skeleton":1,"born_in_chaos_v1:spirit_guide_assistant":1,"enemyexpansion:sprinter":2,"born_in_chaos_v1:decrepit_skeleton":3,"enemyexpansion:slugger":1},"minecraft:mined":{"minecraft:white_bed":7,"minecraft:cobblestone_stairs":2,"mowziesmobs:clawed_log":1,"minecraft:chiseled_polished_blackstone":2,"minecraft:acacia_log":29,"minecraft:grass_block":27,"minecraft:cracked_polished_blackstone_bricks":1,"minecraft:nether_wart":1,"minecraft:oxeye_daisy":4,"minecraft:polished_blackstone_bricks":11,"epicpaladins:moonlight_ore":3,"minecraft:glowstone":6,"minecraft:iron_ore":16,"minecraft:fire":6,"minecraft:pumpkin":15,"minecraft:azure_bluet":2,"minecraft:pointed_dripstone":3,"minecraft:dirt_path":2,"minecraft:deepslate_redstone_ore":10,"minecraft:blackstone":6,"minecraft:torch":8,"minecraft:blast_furnace":1,"minecraft:calcite":1,"minecraft:cobblestone":1,"minecraft:sugar_cane":2,"minecraft:oak_planks":11,"minecraft:wall_torch":1,"minecraft:amethyst_block":3,"minecraft:skeleton_skull":3,"minecraft:warped_planks":2,"minecraft:yellow_wool":4,"evilcraft:dark_ore_deepslate":8,"epicpaladins:deepslate_cryorium_ore":9,"minecraft:tnt":1,"minecraft:grass":57,"minecraft:oak_log":64,"minecraft:sand":60,"minecraft:dirt":29,"minecraft:smooth_basalt":2,"born_in_chaos_v1:infernal_evil_pumpkin_s":1,"minecraft:oak_leaves":7,"minecraft:deepslate":43,"alexscaves:spelunkery_table":1,"minecraft:deepslate_diamond_ore":7,"minecraft:dark_oak_fence":6,"epicpaladins:deepslate_arclight_ore":19,"minecraft:hay_block":10,"minecraft:nether_sprouts":1,"evilcraft:box_of_eternal_closure":1,"minecraft:andesite":3,"evilcraft:dark_ore":3,"minecraft:peony":9,"minecraft:gold_block":4,"minecraft:bookshelf":2,"minecraft:deepslate_iron_ore":56,"minecraft:cobblestone_slab":1,"minecraft:warped_stem":8,"minecraft:stripped_oak_log":10,"minecraft:stone":33,"minecraft:oak_slab":1,"minecraft:acacia_leaves":3,"minecraft:soul_sand":7,"epicpaladins:deepslate_bloodstone_ore":19,"quark:oak_chest":4,"minecraft:basalt":5,"minecraft:dandelion":24,"travelersbackpack:standard":8,"minecraft:crafting_table":7,"minecraft:cornflower":2,"minecraft:stone_slab":2,"minecraft:tall_grass":8,"minecraft:deepslate_gold_ore":11,"minecraft:warped_wart_block":1,"minecraft:yellow_bed":2,"minecraft:coal_ore":193,"minecraft:cobweb":1,"minecraft:acacia_planks":1,"minecraft:stone_bricks":2},"minecraft:killed_by":{"sanitydim:sneaking_terror":1,"mowziesmobs:ferrous_wroughtnaut":2},"minecraft:crafted":{"minecraft:oak_planks":160,"travelersbackpack:crafting_upgrade":1,"born_in_chaos_v1:dark_charge":4,"minecraft:warped_planks":32,"minecraft:glass":59,"minecraft:iron_boots":1,"evilcraft:blood_extractor":19,"minecraft:golden_sword":2,"minecraft:wooden_shovel":2,"travelersbackpack:iron_tier_upgrade":1,"minecraft:crafting_table":8,"minecraft:birch_planks":4,"quark:oak_chest":6,"minecraft:stick":180,"minecraft:iron_ingot":44,"minecraft:iron_pickaxe":2,"minecraft:gold_ingot":18,"minecraft:cherry_planks":16,"evilcraft:dark_spike":48,"minecraft:coal":36,"minecraft:fishing_rod":1,"sanitydim:garland":3,"epicpaladins:bloodstone_sword":1,"travelersbackpack:blank_upgrade":4,"travelersbackpack:gold_tier_upgrade":1,"minecraft:iron_axe":1,"minecraft:stone_pickaxe":1,"minecraft:dark_oak_planks":8,"minecraft:wheat":90,"travelersbackpack:backpack_tank":2,"minecraft:bucket":1,"minecraft:jungle_planks":8,"minecraft:bread":32,"minecraft:air":0,"minecraft:wooden_axe":1,"minecraft:iron_leggings":1,"minecraft:acacia_planks":40,"minecraft:torch":660},"minecraft:dropped":{"minecraft:iron_sword":1,"minecraft:ender_pearl":1,"minecraft:netherite_upgrade_smithing_template":1,"minecraft:cod":1,"minecraft:cracked_polished_blackstone_bricks":2,"born_in_chaos_v1:monster_flesh":1,"minecraft:dirt":2,"tombstone:bag_of_seeds":1,"minecraft:polished_blackstone_bricks":4,"minecraft:fishing_rod":1,"minecraft:bone":2,"minecraft:chiseled_polished_blackstone":2,"minecraft:blackstone":12,"minecraft:wheat":1,"minecraft:rotten_flesh":4,"minecraft:basalt":5,"minecraft:arrow":4,"born_in_chaos_v1:dark_rod":1,"minecraft:wheat_seeds":6,"evilcraft:dark_gem":1,"mowziesmobs:wrought_axe":1,"minecraft:pufferfish":1,"minecraft:lava_bucket":2,"minecraft:golden_carrot":19,"tombstone:magic_scroll":1,"minecraft:torch":64,"artifacts:obsidian_skull":2,"epicpaladins:cryorium_gem":4,"epicpaladins:angel_sword":1,"minecraft:pumpkin":13,"mowziesmobs:wrought_helmet":1,"minecraft:iron_axe":1,"born_in_chaos_v1:shell_mace":1,"minecraft:string":2,"minecraft:kelp":6,"epicpaladins:bloodstone_gem":9,"evilcraft:box_of_eternal_closure":1,"sanitydim:garland":2,"minecraft:golden_sword":1}},"DataVersion":3465}