{"stats":{"minecraft:killed":{"born_in_chaos_v1:zombie_lumberjack":1,"born_in_chaos_v1:restless_spirit":1,"enemyexpansion:sprinter":1,"minecraft:zoglin":1,"born_in_chaos_v1:maggot":1,"minecraft:zombie":3,"minecraft:ghast":1,"enemyexpansion:wasp":1},"minecraft:broken":{"minecraft:stone_pickaxe":1},"minecraft:mined":{"minecraft:white_bed":7,"quark:oak_chest":3,"minecraft:dandelion":7,"minecraft:crafting_table":3,"minecraft:cornflower":2,"minecraft:torch":7,"minecraft:acacia_log":10,"minecraft:grass_block":2,"minecraft:oxeye_daisy":3,"minecraft:fire":2,"minecraft:azure_bluet":2,"minecraft:grass":4,"minecraft:oak_log":34,"minecraft:coal_ore":90,"minecraft:dirt":3,"minecraft:stone":11,"minecraft:stone_bricks":2,"minecraft:oak_leaves":7},"minecraft:picked_up":{"minecraft:birch_log":1,"born_in_chaos_v1:corpse_maggot":1,"minecraft:seagrass":3,"minecraft:crafting_table":3,"minecraft:azure_bluet":2,"minecraft:glow_ink_sac":1,"minecraft:turtle_egg":1,"minecraft:oak_log":29,"minecraft:chain":1,"minecraft:gunpowder":2,"minecraft:cornflower":2,"minecraft:dirt":4,"minecraft:item_frame":1,"minecraft:experience_bottle":1,"minecraft:bone":2,"minecraft:stone_bricks":2,"minecraft:wheat_seeds":1,"minecraft:iron_ingot":1,"minecraft:torch":7,"minecraft:acacia_log":10,"minecraft:dandelion":7,"minecraft:white_bed":7,"quark:oak_chest":3,"minecraft:arrow":2,"minecraft:rotten_flesh":12,"minecraft:oak_sapling":4,"minecraft:coal":90,"minecraft:cobblestone":11,"minecraft:oxeye_daisy":3},"minecraft:dropped":{"sanitydim:garland":1},"minecraft:used":{"minecraft:cooked_mutton":1,"minecraft:stone_pickaxe":103,"minecraft:torch":200,"minecraft:dirt":2,"minecraft:crafting_table":2,"minecraft:white_bed":6,"minecraft:iron_axe":79,"minecraft:bread":16,"minecraft:birch_sapling":2,"minecraft:stone_bricks":2,"minecraft:item_frame":1,"minecraft:cobblestone":3,"minecraft:white_banner":2,"minecraft:chain":1,"quark:oak_chest":4},"minecraft:crafted":{"minecraft:oak_planks":64,"minecraft:coal":36,"minecraft:crafting_table":1,"sanitydim:garland":1,"minecraft:birch_planks":4,"minecraft:stick":60,"minecraft:iron_pickaxe":1,"minecraft:stone_pickaxe":1,"minecraft:torch":236},"minecraft:custom":{"minecraft:mob_kills":10,"minecraft:interact_with_crafting_table":6,"minecraft:leave_game":3,"minecraft:time_since_death":38356,"minecraft:sleep_in_bed":6,"minecraft:climb_one_cm":564,"minecraft:time_since_rest":6904,"minecraft:sprint_one_cm":128559,"minecraft:damage_taken":558,"minecraft:walk_one_cm":70949,"minecraft:drop":1,"minecraft:damage_dealt":1474,"minecraft:swim_one_cm":272,"minecraft:fly_one_cm":223807,"minecraft:open_chest":18,"minecraft:crouch_one_cm":8309,"minecraft:play_time":38356,"tombstone:undead_killed":6,"minecraft:sneak_time":2611,"minecraft:walk_under_water_one_cm":849,"minecraft:jump":916,"minecraft:walk_on_water_one_cm":970,"minecraft:total_world_time":38356,"minecraft:fall_one_cm":26842,"minecraft:inspect_dispenser":2}},"DataVersion":3465}