{"stats":{"minecraft:mined":{"minecraft:grass_block":1,"minecraft:oak_log":5,"minecraft:dirt":2,"minecraft:crafting_table":1,"quark:oak_chest":2},"minecraft:picked_up":{"minecraft:crafting_table":1,"quark:oak_chest":2,"minecraft:dirt":3},"minecraft:used":{"minecraft:iron_axe":3},"minecraft:custom":{"minecraft:jump":14,"minecraft:open_chest":1,"minecraft:time_since_rest":4679,"minecraft:crouch_one_cm":35,"minecraft:leave_game":2,"minecraft:play_time":4679,"minecraft:sprint_one_cm":1515,"minecraft:time_since_death":4679,"minecraft:walk_one_cm":5616,"minecraft:sneak_time":10,"minecraft:total_world_time":4679,"minecraft:fly_one_cm":319}},"DataVersion":3465}