{"stats":{"minecraft:custom":{"minecraft:interact_with_furnace":1,"minecraft:mob_kills":12,"minecraft:interact_with_crafting_table":5,"minecraft:open_barrel":27,"minecraft:leave_game":5,"minecraft:time_since_death":45755,"minecraft:sleep_in_bed":5,"minecraft:climb_one_cm":3757,"minecraft:time_since_rest":35182,"minecraft:sprint_one_cm":154943,"minecraft:damage_taken":530,"minecraft:walk_one_cm":151485,"minecraft:drop":6,"minecraft:damage_dealt":2056,"minecraft:swim_one_cm":1133,"minecraft:talked_to_villager":1,"minecraft:fly_one_cm":220705,"minecraft:open_chest":16,"minecraft:crouch_one_cm":5557,"minecraft:play_time":45755,"tombstone:undead_killed":4,"minecraft:sneak_time":1485,"minecraft:walk_under_water_one_cm":138,"minecraft:interact_with_brewingstand":1,"minecraft:jump":990,"minecraft:walk_on_water_one_cm":2702,"minecraft:total_world_time":45755,"minecraft:fall_one_cm":29373},"minecraft:picked_up":{"minecraft:wheat":33,"born_in_chaos_v1:river_mint":8,"minecraft:iron_door":1,"minecraft:wooden_pickaxe":1,"minecraft:potion":2,"minecraft:oak_log":4,"minecraft:brewing_stand":1,"minecraft:gunpowder":1,"minecraft:dirt":18,"minecraft:lantern":1,"minecraft:iron_axe":1,"minecraft:iron_leggings":1,"minecraft:armor_stand":1,"minecraft:zombie_head":1,"minecraft:bone":4,"minecraft:bow":1,"minecraft:wheat_seeds":70,"minecraft:stone_pickaxe":1,"born_in_chaos_v1:gnawed_bones":1,"minecraft:glass_bottle":1,"minecraft:sugar_cane":1,"minecraft:acacia_sapling":2,"minecraft:egg":1,"minecraft:book":2,"minecraft:ghast_tear":1,"minecraft:stick":4,"minecraft:stripped_mangrove_wood":1,"minecraft:acacia_log":10,"minecraft:brown_carpet":1,"minecraft:arrow":1,"minecraft:rotten_flesh":5,"born_in_chaos_v1:pile_of_skulls":1,"minecraft:pumpkin_pie":2,"minecraft:hay_block":28,"minecraft:bone_meal":2,"born_in_chaos_v1:cultivated_pumpkin":1,"minecraft:oak_sapling":8,"minecraft:coal":4,"minecraft:cobblestone":109},"minecraft:dropped":{"minecraft:dirt":16,"minecraft:potion":2,"minecraft:iron_leggings":1,"minecraft:wooden_pickaxe":1,"born_in_chaos_v1:mint_ice_cream":1},"minecraft:crafted":{"minecraft:oak_planks":16,"minecraft:wooden_pickaxe":1,"minecraft:bread":41,"minecraft:stick":4,"minecraft:stone_pickaxe":1,"minecraft:stone_sword":1,"minecraft:wheat":90},"minecraft:mined":{"born_in_chaos_v1:cultivated_pumpkin":1,"minecraft:brown_carpet":1,"minecraft:brewing_stand":1,"minecraft:acacia_log":10,"minecraft:grass_block":2,"minecraft:tall_grass":2,"minecraft:cobblestone":18,"minecraft:sugar_cane":1,"born_in_chaos_v1:gnawed_bones":1,"minecraft:iron_door":1,"born_in_chaos_v1:pile_of_skulls":1,"minecraft:hay_block":24,"minecraft:seagrass":1,"minecraft:fire":23,"born_in_chaos_v1:river_mint":8,"minecraft:grass":12,"minecraft:oak_log":8,"minecraft:coal_ore":4,"minecraft:zombie_head":1,"minecraft:stone":92,"minecraft:oak_leaves":2},"minecraft:killed":{"born_in_chaos_v1:zombie_clown_not_despawn":1,"enemyexpansion:direwolf":1,"born_in_chaos_v1:decrepit_skeleton":1,"born_in_chaos_v1:maggot":4,"minecraft:zombie":1,"born_in_chaos_v1:dark_vortex":1,"born_in_chaos_v1:corpse_fish":2,"minecraft:wither_skeleton":1},"minecraft:used":{"born_in_chaos_v1:mint_ice_cream":1,"minecraft:stone_sword":54,"minecraft:armor_stand":1,"minecraft:stone_pickaxe":112,"minecraft:wooden_pickaxe":6,"minecraft:iron_chestplate":1,"minecraft:torch":3,"minecraft:stripped_mangrove_wood":1,"minecraft:dirt":2,"minecraft:lantern":1,"minecraft:iron_axe":8,"minecraft:bread":16,"minecraft:map":1,"minecraft:iron_helmet":1,"minecraft:iron_boots":1,"minecraft:iron_door":1,"minecraft:bow":1,"minecraft:cobblestone":23,"minecraft:brown_carpet":1,"born_in_chaos_v1:river_mint":1,"minecraft:pumpkin_pie":1,"minecraft:egg":1,"minecraft:iron_leggings":1}},"DataVersion":3465}