{"stats":{"minecraft:custom":{"minecraft:jump":14,"minecraft:open_chest":1,"minecraft:time_since_rest":4037,"minecraft:leave_game":1,"minecraft:crouch_one_cm":35,"minecraft:sprint_one_cm":1515,"minecraft:play_time":4037,"minecraft:time_since_death":4037,"minecraft:walk_one_cm":5616,"minecraft:sneak_time":10,"minecraft:total_world_time":4037,"minecraft:fly_one_cm":319},"minecraft:picked_up":{"minecraft:crafting_table":1,"quark:oak_chest":2,"minecraft:dirt":3},"minecraft:mined":{"minecraft:grass_block":1,"minecraft:oak_log":5,"minecraft:crafting_table":1,"minecraft:dirt":2,"quark:oak_chest":2},"minecraft:used":{"minecraft:iron_axe":3}},"DataVersion":3465}