{"stats":{"minecraft:killed_by":{"sanitydim:sneaking_terror":1,"minecraft:player":1,"mowziesmobs:ferrous_wroughtnaut":2},"minecraft:picked_up":{"minecraft:seagrass":3,"alexscaves:waste_drum":1,"minecraft:wheat":36,"alexscaves:radgill":5,"minecraft:yellow_wool":4,"minecraft:smithing_table":1,"minecraft:stone_slab":3,"minecraft:lead":3,"alexscaves:unrefined_waste":3,"minecraft:oak_stairs":2,"minecraft:turtle_egg":1,"minecraft:potion":1,"minecraft:golden_sword":4,"minecraft:amethyst_block":3,"born_in_chaos_v1:holiday_candy":23,"evilcraft:ender_tear":2,"minecraft:string":8,"alexscaves:acidic_radrock":1,"epicpaladins:bloodstone_gem":23,"minecraft:pufferfish":1,"minecraft:experience_bottle":1,"minecraft:beetroot":4,"minecraft:cobbled_deepslate":75,"minecraft:gold_nugget":2,"minecraft:smooth_stone":2,"minecraft:cobblestone_slab":1,"securitycraft:reinforced_oak_stairs":4,"minecraft:calcite":1,"minecraft:coal_block":7,"evilcraft:blood_extractor":1,"minecraft:stick":3,"born_in_chaos_v1:shattered_skull":2,"epicpaladins:arclight_gem":43,"mowziesmobs:sol_visage":1,"minecraft:torch":39,"minecraft:acacia_log":29,"minecraft:porkchop":3,"minecraft:cherry_log":4,"minecraft:pointed_dripstone":4,"tombstone:grave_dust":5,"minecraft:warped_planks":2,"epicpaladins:moonlight_gem":2,"minecraft:brown_carpet":14,"evilcraft:box_of_eternal_closure":2,"epicpaladins:cryorium_gem":12,"minecraft:rotten_flesh":50,"minecraft:cod":11,"minecraft:cobblestone":105,"evilcraft:vengeance_pickaxe":1,"minecraft:birch_log":3,"minecraft:feather":17,"minecraft:lilac":1,"minecraft:water_bucket":1,"born_in_chaos_v1:spiritual_dust":3,"minecraft:andesite":3,"minecraft:jungle_log":2,"minecraft:golden_leggings":2,"minecraft:potato":53,"minecraft:flint":1,"minecraft:tuff":1,"evilcraft:flesh_humanoid":1,"securitycraft:reinforced_ladder":6,"minecraft:dirt":410,"minecraft:lantern":3,"securitycraft:reinforced_stone_button":8,"minecraft:bone":32,"minecraft:acacia_planks":1,"securitycraft:reinforced_acacia_planks":2,"minecraft:bow":3,"alexscaves:toxic_paste":9,"minecraft:wheat_seeds":88,"minecraft:raw_gold":1,"minecraft:glowstone_dust":22,"minecraft:oak_planks":18,"minecraft:chiseled_polished_blackstone":2,"minecraft:warped_wart_block":1,"alexscaves:uranium":42,"minecraft:sand":60,"minecraft:dead_bush":9,"minecraft:grass_block":3,"securitycraft:universal_block_remover":1,"born_in_chaos_v1:fire_dust":2,"minecraft:diamond":21,"minecraft:spruce_boat":1,"minecraft:cracked_polished_blackstone_bricks":2,"evilcraft:blood_infuser":2,"minecraft:oak_sapling":8,"born_in_chaos_v1:rotten_fish":1,"minecraft:netherrack":1,"epicpaladins:angel_sword":1,"minecraft:dark_oak_fence":6,"minecraft:charcoal":2,"minecraft:fishing_rod":1,"minecraft:crafting_table":13,"born_in_chaos_v1:diamond_termite_shard":1,"evilcraft:dark_power_gem":1,"minecraft:azure_bluet":3,"minecraft:ladder":1,"minecraft:nether_wart":3,"evilcraft:undead_sapling":1,"born_in_chaos_v1:river_mint":2,"born_in_chaos_v1:seedof_chaos":1,"born_in_chaos_v1:serpumpkinhead_m":1,"minecraft:gold_block":4,"minecraft:chain":1,"minecraft:shield":1,"minecraft:cornflower":2,"minecraft:iron_axe":1,"minecraft:item_frame":1,"minecraft:blackstone":12,"minecraft:beef":20,"securitycraft:reinforced_cobweb":3,"minecraft:poppy":7,"evilcraft:hardened_blood_shard":25,"securitycraft:reinforced_grass_path":11,"minecraft:sugar_cane":12,"securitycraft:reinforced_cobblestone_stairs":7,"minecraft:egg":10,"minecraft:raw_iron":18,"minecraft:polished_blackstone_bricks":11,"born_in_chaos_v1:pieceofdarkmetal":7,"minecraft:carrot":78,"minecraft:redstone":110,"travelersbackpack:hose":1,"mowziesmobs:umvuthana_mask_faith":13,"minecraft:tube_coral":1,"minecraft:arrow":23,"minecraft:beetroot_seeds":6,"minecraft:peony":9,"minecraft:hay_block":13,"securitycraft:reinforced_stone_bricks":1,"alexscaves:spelunkery_table":1,"mowziesmobs:umvuthana_mask_bliss":8,"born_in_chaos_v1:spiny_shell":2,"minecraft:gold_ingot":16,"minecraft:skeleton_skull":3,"minecraft:oxeye_daisy":4,"minecraft:stripped_oak_log":7,"born_in_chaos_v1:corpse_maggot":5,"mowziesmobs:umvuthana_mask_fury":3,"alexscaves:sulfur_dust":55,"minecraft:glow_ink_sac":1,"minecraft:basalt":5,"minecraft:golden_carrot":16,"born_in_chaos_v1:monster_flesh":1,"born_in_chaos_v1:pumpkin_staff":2,"minecraft:tripwire_hook":1,"minecraft:leather":9,"born_in_chaos_v1:shell_mace":1,"minecraft:oak_log":70,"minecraft:golden_boots":1,"minecraft:yellow_bed":3,"minecraft:gunpowder":7,"minecraft:cobblestone_stairs":2,"mowziesmobs:wrought_axe":1,"quark:forgotten_hat":1,"minecraft:cooked_mutton":2,"born_in_chaos_v1:soul_cutlass":2,"minecraft:apple":1,"minecraft:stone_bricks":7,"mowziesmobs:umvuthana_mask_rage":6,"minecraft:kelp":6,"minecraft:warped_stem":8,"alexscaves:radrock":113,"minecraft:iron_ingot":119,"securitycraft:universal_block_reinforcer_lvl1":1,"tombstone:bag_of_seeds":1,"minecraft:iron_sword":1,"mowziesmobs:umvuthana_mask_misery":5,"minecraft:soul_sand":7,"minecraft:book":6,"minecraft:oak_slab":1,"artifacts:obsidian_skull":3,"evilcraft:undead_log":5,"minecraft:smooth_basalt":2,"mowziesmobs:clawed_log":1,"minecraft:pumpkin":21,"alexscaves:fissile_core":1,"born_in_chaos_v1:ethereal_spirit":1,"minecraft:dandelion":33,"minecraft:raw_iron_block":1,"minecraft:dripstone_block":3,"minecraft:gravel":15,"minecraft:lava_bucket":1,"born_in_chaos_v1:dark_rod":3,"mowziesmobs:wrought_helmet":1,"minecraft:spruce_sapling":1,"minecraft:blast_furnace":1,"minecraft:white_bed":7,"minecraft:spruce_log":7,"quark:oak_chest":5,"travelersbackpack:standard":15,"minecraft:pumpkin_seeds":44,"minecraft:purple_bed":1,"evilcraft:dark_gem":49,"mowziesmobs:umvuthana_mask_fear":2,"tombstone:magic_scroll":2,"minecraft:coal":225,"minecraft:ender_pearl":3},"minecraft:crafted":{"minecraft:oak_planks":284,"alexscaves:polymer_plate":24,"travelersbackpack:crafting_upgrade":1,"born_in_chaos_v1:dark_charge":4,"minecraft:stone":19,"minecraft:cobblestone_stairs":4,"securitycraft:keypad_item":1,"minecraft:heavy_weighted_pressure_plate":1,"alexscaves:hazmat_mask":1,"minecraft:warped_planks":32,"securitycraft:laser_block":1,"minecraft:glass":59,"minecraft:iron_boots":1,"evilcraft:blood_extractor":19,"minecraft:netherite_upgrade_smithing_template":2,"minecraft:golden_sword":2,"minecraft:glass_bottle":24,"evilcraft:undead_planks":4,"minecraft:wooden_shovel":2,"travelersbackpack:iron_tier_upgrade":1,"minecraft:crafting_table":8,"minecraft:spruce_planks":12,"alexscaves:hazmat_leggings":1,"minecraft:baked_potato":30,"minecraft:birch_planks":12,"minecraft:pumpkin_seeds":24,"minecraft:campfire":2,"quark:oak_chest":9,"minecraft:stick":352,"minecraft:iron_ingot":49,"minecraft:iron_pickaxe":2,"minecraft:gold_ingot":18,"evilcraft:vengeance_pickaxe":1,"alexscaves:hazmat_boots":1,"minecraft:shears":2,"securitycraft:universal_block_reinforcer_lvl1":1,"minecraft:cherry_planks":16,"evilcraft:dark_spike":48,"minecraft:coal":45,"minecraft:fishing_rod":1,"evilcraft:blood_chest":1,"minecraft:stone_button":8,"mca:bouquet":1,"minecraft:bone_meal":60,"sanitydim:garland":4,"alexscaves:cave_map":1,"travelersbackpack:gold_tier_upgrade":1,"epicpaladins:bloodstone_sword":1,"travelersbackpack:blank_upgrade":4,"minecraft:flint_and_steel":1,"minecraft:glass_pane":16,"evilcraft:dark_block":2,"evilcraft:sanguinary_pedestal_0":1,"minecraft:iron_axe":1,"securitycraft:universal_block_remover":1,"minecraft:stone_pickaxe":1,"evilcraft:dark_stick":4,"minecraft:spruce_boat":1,"minecraft:redstone_block":1,"minecraft:dark_oak_planks":8,"travelersbackpack:diamond_tier_upgrade":1,"minecraft:cooked_beef":20,"minecraft:wheat":90,"evilcraft:blood_infusion_core":2,"travelersbackpack:backpack_tank":2,"alexscaves:hazmat_chestplate":1,"minecraft:bucket":2,"minecraft:jungle_planks":8,"minecraft:air":0,"minecraft:bread":32,"evilcraft:blood_infuser":1,"minecraft:wooden_axe":1,"minecraft:iron_leggings":1,"minecraft:acacia_planks":72,"minecraft:torch":1080},"minecraft:dropped":{"minecraft:iron_sword":1,"minecraft:ender_pearl":1,"mca:bouquet":1,"minecraft:netherite_upgrade_smithing_template":2,"minecraft:cod":1,"minecraft:cracked_polished_blackstone_bricks":2,"born_in_chaos_v1:monster_flesh":1,"minecraft:dirt":4,"tombstone:bag_of_seeds":1,"minecraft:gold_nugget":2,"minecraft:polished_blackstone_bricks":4,"minecraft:tube_coral":1,"minecraft:fishing_rod":1,"minecraft:bone":2,"minecraft:chiseled_polished_blackstone":2,"minecraft:blackstone":12,"minecraft:wheat":1,"minecraft:rotten_flesh":6,"alexscaves:radon_bottle":2,"minecraft:basalt":5,"minecraft:arrow":4,"born_in_chaos_v1:dark_rod":1,"minecraft:water_bucket":1,"minecraft:wheat_seeds":11,"evilcraft:dark_gem":1,"evilcraft:vengeance_pickaxe":1,"mowziesmobs:wrought_axe":1,"minecraft:pufferfish":1,"minecraft:lava_bucket":2,"evilcraft:blood_extractor":1,"minecraft:golden_carrot":19,"tombstone:magic_scroll":1,"minecraft:torch":64,"artifacts:obsidian_skull":2,"epicpaladins:cryorium_gem":4,"epicpaladins:angel_sword":1,"mowziesmobs:wrought_helmet":1,"minecraft:pumpkin":13,"securitycraft:reinforced_cobweb":2,"minecraft:iron_axe":1,"born_in_chaos_v1:shell_mace":1,"minecraft:string":2,"minecraft:dandelion":1,"minecraft:kelp":6,"minecraft:tuff":1,"epicpaladins:bloodstone_gem":9,"evilcraft:box_of_eternal_closure":1,"securitycraft:universal_block_remover":1,"alexscaves:radgill":2,"securitycraft:reinforced_grass_path":11,"sanitydim:garland":2,"minecraft:golden_sword":3,"travelersbackpack:hose":1,"securitycraft:universal_block_reinforcer_lvl1":1},"minecraft:broken":{"minecraft:wooden_shovel":1,"minecraft:iron_boots":1,"minecraft:iron_chestplate":1,"minecraft:iron_leggings":1,"sanitydim:garland":1,"minecraft:stone_pickaxe":1,"minecraft:iron_axe":1,"minecraft:iron_pickaxe":1},"minecraft:killed":{"born_in_chaos_v1:mr_pumpkin":14,"minecraft:witch":2,"born_in_chaos_v1:restless_spirit":1,"born_in_chaos_v1:zombie_lumberjack":3,"born_in_chaos_v1:sir_the_headless":2,"mowziesmobs:umvuthi":1,"minecraft:spider":3,"enemyexpansion:equestrian":1,"minecraft:zombie_horse":1,"born_in_chaos_v1:baby_skeleton_minion":2,"quark:forgotten":1,"minecraft:skeleton":8,"alexscaves:radgill":1,"mowziesmobs:umvuthana_crane":7,"born_in_chaos_v1:skeleton_thrasher":1,"minecraft:silverfish":11,"minecraft:piglin_brute":2,"born_in_chaos_v1:firelight_not_despawn":2,"minecraft:piglin":12,"born_in_chaos_v1:bonescaller":1,"minecraft:pig":1,"alexscaves:gammaroach":6,"born_in_chaos_v1:bone_imp":1,"enemyexpansion:tarantula":1,"minecraft:creeper":3,"minecraft:pillager":6,"enemyexpansion:meature":1,"minecraft:zombie":30,"born_in_chaos_v1:dread_hound":1,"born_in_chaos_v1:corpse_fly":1,"enemyexpansion:botfly":4,"minecraft:ghast":1,"minecraft:cow":7,"enemyexpansion:wasp":1,"sanitydim:rotting_stalker":2,"alexscaves:nucleeper":1,"born_in_chaos_v1:thornshell_crab":1,"enemyexpansion:direwolf":6,"minecraft:zoglin":1,"born_in_chaos_v1:maggot":15,"born_in_chaos_v1:pumpkinhead":2,"mowziesmobs:ferrous_wroughtnaut":1,"enemyexpansion:silverqueen":2,"mowziesmobs:umvuthana":4,"born_in_chaos_v1:mr_pumpkin_controlled":1,"born_in_chaos_v1:barrel_zombie":1,"born_in_chaos_v1:felsteed":1,"mowziesmobs:baby_foliaath":1,"born_in_chaos_v1:baby_skeleton":1,"born_in_chaos_v1:spirit_guide_assistant":1,"enemyexpansion:sprinter":3,"born_in_chaos_v1:decrepit_skeleton":3,"minecraft:enderman":4,"enemyexpansion:slugger":3},"minecraft:used":{"minecraft:iron_shovel":397,"securitycraft:reinforced_cobblestone_stairs":3,"minecraft:ladder":1,"evilcraft:blood_chest":1,"minecraft:shield":50,"minecraft:nether_wart":3,"minecraft:iron_sword":288,"minecraft:iron_chestplate":1,"minecraft:soul_sand":6,"sanitydim:garland":4,"securitycraft:keypad_item":1,"minecraft:carrot":124,"born_in_chaos_v1:soul_cutlass":292,"alexscaves:hazmat_boots":1,"minecraft:milk_bucket":3,"minecraft:spruce_boat":2,"minecraft:lava_bucket":3,"alexscaves:acidic_radrock":1,"minecraft:lantern":3,"minecraft:birch_sapling":2,"mowziesmobs:clawed_log":1,"minecraft:iron_helmet":1,"minecraft:stone_bricks":7,"minecraft:item_frame":1,"minecraft:golden_sword":5,"minecraft:brown_carpet":14,"minecraft:bow":1,"minecraft:egg":5,"minecraft:potato":1,"minecraft:stone_pickaxe":127,"minecraft:powered_rail":4,"minecraft:oak_planks":20,"alexscaves:hazmat_mask":1,"minecraft:golden_apple":2,"minecraft:sand":1,"evilcraft:undead_sapling":5,"alexscaves:cave_book":1,"minecraft:crossbow":1,"securitycraft:universal_block_remover":28,"securitycraft:reinforced_ladder":6,"minecraft:shears":7,"minecraft:bread":118,"born_in_chaos_v1:pumpkin_staff":1,"minecraft:gravel":12,"minecraft:lilac":1,"minecraft:smithing_table":1,"minecraft:chain":1,"minecraft:bone_meal":31,"evilcraft:sanguinary_pedestal_0":1,"alexscaves:hazmat_chestplate":1,"minecraft:acacia_log":1,"alexscaves:hazmat_leggings":1,"evilcraft:vengeance_pickaxe":35,"minecraft:wooden_shovel":63,"minecraft:cooked_salmon":7,"minecraft:torch":918,"minecraft:dirt":194,"alexscaves:waste_drum":1,"minecraft:dark_oak_planks":6,"minecraft:wooden_axe":26,"minecraft:iron_axe":249,"minecraft:oak_stairs":2,"minecraft:smooth_basalt":2,"alexscaves:spelunkery_table":1,"minecraft:tall_grass":1,"minecraft:golden_carrot":12,"tombstone:gift":4,"minecraft:cooked_beef":20,"minecraft:cobbled_deepslate":31,"minecraft:acacia_planks":29,"minecraft:iron_leggings":1,"minecraft:cooked_mutton":3,"minecraft:water_bucket":49,"minecraft:cobblestone_stairs":4,"minecraft:birch_planks":8,"minecraft:baked_potato":30,"evilcraft:blood_infuser":3,"minecraft:cherry_planks":16,"minecraft:polished_blackstone_bricks":7,"securitycraft:reinforced_stone_bricks":1,"minecraft:oak_slab":1,"minecraft:crafting_table":17,"minecraft:campfire":2,"minecraft:white_bed":6,"minecraft:warped_planks":33,"mowziesmobs:wrought_axe":1,"minecraft:oak_log":1,"minecraft:diamond_pickaxe":368,"minecraft:iron_pickaxe":331,"tombstone:magic_scroll":2,"minecraft:stone_slab":1,"mowziesmobs:sol_visage":3,"minecraft:yellow_wool":4,"minecraft:fishing_rod":24,"minecraft:cobblestone":86,"minecraft:potion":1,"travelersbackpack:standard":36,"mowziesmobs:umvuthana_mask_fury":1,"minecraft:white_banner":2,"epicpaladins:bloodstone_sword":135,"minecraft:bucket":56,"minecraft:yellow_bed":3,"quark:oak_chest":14,"securitycraft:reinforced_oak_stairs":4,"alexscaves:radrock":76,"minecraft:smooth_stone":2},"minecraft:custom":{"minecraft:animals_bred":10,"minecraft:interact_with_crafting_table":60,"minecraft:open_barrel":9,"minecraft:eat_cake_slice":3,"minecraft:leave_game":9,"minecraft:time_since_death":1008,"minecraft:damage_resisted":629,"minecraft:sprint_one_cm":1993773,"minecraft:damage_blocked_by_shield":1290,"minecraft:drop":102,"minecraft:talked_to_villager":1,"minecraft:play_time":526353,"minecraft:deaths":4,"minecraft:jump":11674,"minecraft:walk_on_water_one_cm":74615,"minecraft:interact_with_furnace":34,"minecraft:interact_with_loom":6,"minecraft:sleep_in_bed":33,"minecraft:damage_dealt":45163,"minecraft:crouch_one_cm":84120,"tombstone:undead_killed":63,"minecraft:inspect_dispenser":2,"minecraft:horse_one_cm":195138,"minecraft:interact_with_smithing_table":8,"minecraft:mob_kills":206,"minecraft:damage_dealt_resisted":3770,"minecraft:climb_one_cm":7340,"minecraft:walk_one_cm":1165487,"minecraft:sneak_time":27021,"minecraft:walk_under_water_one_cm":9003,"minecraft:boat_one_cm":57655,"minecraft:interact_with_blast_furnace":1,"minecraft:total_world_time":526353,"tombstone:raider_killed":8,"minecraft:time_since_rest":358,"minecraft:damage_taken":10458,"minecraft:trigger_trapped_chest":2,"minecraft:swim_one_cm":42700,"minecraft:fly_one_cm":2541669,"minecraft:open_chest":457,"minecraft:fish_caught":12,"minecraft:fall_one_cm":295114},"minecraft:mined":{"minecraft:white_bed":7,"evilcraft:undead_leaves":2,"minecraft:cobblestone_stairs":2,"mowziesmobs:clawed_log":1,"minecraft:chiseled_polished_blackstone":2,"minecraft:acacia_log":29,"minecraft:grass_block":229,"alexscaves:sulfur":13,"minecraft:cracked_polished_blackstone_bricks":1,"minecraft:coal_block":7,"minecraft:oxeye_daisy":4,"minecraft:nether_wart":1,"minecraft:spawner":1,"minecraft:smooth_stone":2,"minecraft:polished_blackstone_bricks":11,"epicpaladins:moonlight_ore":3,"minecraft:raw_iron_block":1,"minecraft:glowstone":6,"minecraft:iron_ore":16,"minecraft:cobbled_deepslate":1,"minecraft:fire":7,"minecraft:pumpkin":21,"minecraft:azure_bluet":3,"minecraft:pointed_dripstone":3,"minecraft:dirt_path":5,"minecraft:oak_stairs":2,"alexscaves:sulfur_bud_large":2,"minecraft:deepslate_redstone_ore":23,"minecraft:blackstone":6,"minecraft:torch":15,"minecraft:blast_furnace":1,"minecraft:poppy":8,"minecraft:calcite":1,"minecraft:dead_bush":7,"alexscaves:sulfur_bud_small":1,"minecraft:cobblestone":9,"minecraft:oak_planks":18,"minecraft:sugar_cane":6,"minecraft:wall_torch":9,"minecraft:amethyst_block":3,"minecraft:skeleton_skull":3,"minecraft:warped_planks":2,"evilcraft:dark_ore_deepslate":8,"minecraft:yellow_wool":4,"born_in_chaos_v1:fired_black_argillite":1,"epicpaladins:deepslate_cryorium_ore":9,"minecraft:lilac":1,"minecraft:tnt":1,"minecraft:grass":107,"minecraft:oak_log":75,"minecraft:sand":60,"minecraft:dirt":189,"alexscaves:unrefined_waste":5,"minecraft:smooth_basalt":2,"born_in_chaos_v1:infernal_evil_pumpkin_s":1,"minecraft:deepslate":67,"minecraft:oak_leaves":11,"evilcraft:hardened_blood":4,"minecraft:tuff":1,"alexscaves:spelunkery_table":1,"alexscaves:acidic_radrock":1,"minecraft:deepslate_diamond_ore":8,"alexscaves:radrock":111,"minecraft:ladder":1,"minecraft:dark_oak_fence":6,"alexscaves:sulfur_cluster":8,"minecraft:spruce_leaves":8,"minecraft:large_fern":1,"epicpaladins:deepslate_arclight_ore":32,"minecraft:hay_block":13,"alexscaves:radrock_uranium_ore":42,"minecraft:nether_sprouts":1,"evilcraft:box_of_eternal_closure":1,"minecraft:andesite":3,"evilcraft:dark_ore":3,"minecraft:peony":9,"minecraft:gold_block":4,"minecraft:bookshelf":2,"minecraft:deepslate_iron_ore":74,"minecraft:cobblestone_slab":1,"minecraft:warped_stem":8,"minecraft:stripped_oak_log":10,"minecraft:stone":101,"minecraft:podzol":3,"evilcraft:undead_sapling":1,"minecraft:smithing_table":1,"minecraft:oak_slab":1,"minecraft:acacia_leaves":3,"minecraft:soul_sand":7,"epicpaladins:deepslate_bloodstone_ore":19,"quark:oak_chest":5,"minecraft:brown_carpet":14,"minecraft:basalt":5,"minecraft:dandelion":34,"travelersbackpack:standard":15,"minecraft:cornflower":2,"minecraft:crafting_table":13,"evilcraft:blood_infuser":2,"minecraft:campfire":1,"minecraft:stone_slab":3,"minecraft:tall_grass":18,"minecraft:deepslate_gold_ore":17,"minecraft:warped_wart_block":1,"alexscaves:waste_drum":1,"minecraft:spruce_log":10,"minecraft:yellow_bed":3,"minecraft:coal_ore":197,"evilcraft:undead_log":5,"minecraft:gravel":16,"minecraft:cobweb":3,"minecraft:acacia_planks":1,"minecraft:stone_bricks":7}},"DataVersion":3465}