{"stats":{"minecraft:killed_by":{"sanitydim:sneaking_terror":1,"mowziesmobs:ferrous_wroughtnaut":2},"minecraft:picked_up":{"minecraft:seagrass":3,"minecraft:wheat":35,"minecraft:yellow_wool":4,"minecraft:smithing_table":1,"minecraft:stone_slab":2,"minecraft:lead":3,"minecraft:oak_stairs":2,"minecraft:turtle_egg":1,"minecraft:potion":1,"minecraft:golden_sword":2,"minecraft:amethyst_block":3,"evilcraft:ender_tear":2,"minecraft:string":5,"epicpaladins:bloodstone_gem":23,"minecraft:pufferfish":1,"minecraft:experience_bottle":1,"minecraft:beetroot":4,"minecraft:cobbled_deepslate":49,"minecraft:gold_nugget":2,"minecraft:smooth_stone":2,"minecraft:cobblestone_slab":1,"minecraft:calcite":1,"minecraft:coal_block":7,"evilcraft:blood_extractor":1,"born_in_chaos_v1:shattered_skull":2,"epicpaladins:arclight_gem":19,"mowziesmobs:sol_visage":1,"minecraft:torch":16,"minecraft:acacia_log":29,"minecraft:porkchop":2,"minecraft:cherry_log":4,"minecraft:pointed_dripstone":4,"tombstone:grave_dust":5,"minecraft:warped_planks":2,"epicpaladins:moonlight_gem":2,"minecraft:brown_carpet":14,"evilcraft:box_of_eternal_closure":2,"epicpaladins:cryorium_gem":12,"minecraft:rotten_flesh":42,"minecraft:cod":11,"minecraft:cobblestone":34,"minecraft:birch_log":1,"minecraft:feather":17,"born_in_chaos_v1:spiritual_dust":3,"minecraft:andesite":3,"minecraft:jungle_log":2,"minecraft:golden_leggings":2,"minecraft:potato":23,"minecraft:flint":1,"evilcraft:flesh_humanoid":1,"minecraft:dirt":52,"minecraft:lantern":2,"securitycraft:reinforced_stone_button":8,"minecraft:bone":25,"minecraft:acacia_planks":1,"securitycraft:reinforced_acacia_planks":2,"minecraft:bow":1,"minecraft:wheat_seeds":75,"minecraft:raw_gold":1,"minecraft:glowstone_dust":22,"minecraft:oak_planks":13,"minecraft:chiseled_polished_blackstone":2,"minecraft:warped_wart_block":1,"minecraft:sand":60,"minecraft:dead_bush":7,"minecraft:grass_block":1,"securitycraft:universal_block_remover":1,"minecraft:diamond":15,"minecraft:cracked_polished_blackstone_bricks":2,"evilcraft:blood_infuser":2,"minecraft:oak_sapling":5,"born_in_chaos_v1:rotten_fish":1,"minecraft:netherrack":1,"epicpaladins:angel_sword":1,"minecraft:dark_oak_fence":6,"minecraft:fishing_rod":1,"minecraft:crafting_table":11,"born_in_chaos_v1:diamond_termite_shard":1,"minecraft:azure_bluet":2,"evilcraft:dark_power_gem":1,"minecraft:nether_wart":3,"born_in_chaos_v1:river_mint":2,"born_in_chaos_v1:seedof_chaos":1,"born_in_chaos_v1:serpumpkinhead_m":1,"minecraft:gold_block":4,"minecraft:chain":1,"minecraft:shield":1,"minecraft:cornflower":2,"minecraft:iron_axe":1,"minecraft:item_frame":1,"minecraft:blackstone":12,"minecraft:beef":20,"evilcraft:hardened_blood_shard":25,"securitycraft:reinforced_grass_path":11,"minecraft:sugar_cane":12,"securitycraft:reinforced_cobblestone_stairs":7,"minecraft:egg":9,"minecraft:raw_iron":18,"minecraft:polished_blackstone_bricks":11,"born_in_chaos_v1:pieceofdarkmetal":7,"minecraft:carrot":35,"minecraft:redstone":48,"mowziesmobs:umvuthana_mask_faith":13,"minecraft:tube_coral":1,"minecraft:arrow":7,"minecraft:beetroot_seeds":6,"minecraft:peony":9,"alexscaves:spelunkery_table":1,"minecraft:hay_block":10,"securitycraft:reinforced_stone_bricks":1,"mowziesmobs:umvuthana_mask_bliss":8,"born_in_chaos_v1:spiny_shell":2,"minecraft:gold_ingot":10,"minecraft:skeleton_skull":3,"minecraft:oxeye_daisy":4,"minecraft:stripped_oak_log":7,"born_in_chaos_v1:corpse_maggot":5,"mowziesmobs:umvuthana_mask_fury":3,"minecraft:glow_ink_sac":1,"minecraft:basalt":5,"minecraft:golden_carrot":16,"born_in_chaos_v1:monster_flesh":1,"born_in_chaos_v1:pumpkin_staff":1,"minecraft:tripwire_hook":1,"minecraft:leather":9,"born_in_chaos_v1:shell_mace":1,"minecraft:oak_log":60,"minecraft:golden_boots":1,"minecraft:yellow_bed":3,"minecraft:gunpowder":6,"minecraft:cobblestone_stairs":2,"mowziesmobs:wrought_axe":1,"minecraft:cooked_mutton":2,"born_in_chaos_v1:soul_cutlass":1,"minecraft:stone_bricks":7,"mowziesmobs:umvuthana_mask_rage":6,"minecraft:kelp":6,"minecraft:warped_stem":8,"minecraft:iron_ingot":58,"securitycraft:universal_block_reinforcer_lvl1":1,"tombstone:bag_of_seeds":1,"minecraft:iron_sword":1,"mowziesmobs:umvuthana_mask_misery":5,"minecraft:soul_sand":7,"minecraft:book":6,"minecraft:oak_slab":1,"artifacts:obsidian_skull":3,"minecraft:smooth_basalt":2,"mowziesmobs:clawed_log":1,"minecraft:pumpkin":21,"born_in_chaos_v1:ethereal_spirit":1,"minecraft:dandelion":24,"minecraft:dripstone_block":3,"minecraft:gravel":15,"minecraft:lava_bucket":1,"born_in_chaos_v1:dark_rod":3,"mowziesmobs:wrought_helmet":1,"minecraft:blast_furnace":1,"minecraft:white_bed":7,"quark:oak_chest":5,"travelersbackpack:standard":12,"minecraft:pumpkin_seeds":21,"evilcraft:dark_gem":49,"mowziesmobs:umvuthana_mask_fear":2,"tombstone:magic_scroll":2,"minecraft:coal":216,"minecraft:ender_pearl":1},"minecraft:crafted":{"minecraft:oak_planks":168,"travelersbackpack:crafting_upgrade":1,"born_in_chaos_v1:dark_charge":4,"minecraft:stone":11,"minecraft:cobblestone_stairs":4,"securitycraft:keypad_item":1,"minecraft:heavy_weighted_pressure_plate":1,"minecraft:warped_planks":32,"securitycraft:laser_block":1,"minecraft:glass":59,"minecraft:iron_boots":1,"evilcraft:blood_extractor":19,"minecraft:netherite_upgrade_smithing_template":2,"minecraft:golden_sword":2,"minecraft:wooden_shovel":2,"travelersbackpack:iron_tier_upgrade":1,"minecraft:crafting_table":8,"minecraft:birch_planks":4,"minecraft:pumpkin_seeds":24,"quark:oak_chest":9,"minecraft:stick":184,"minecraft:iron_ingot":49,"minecraft:iron_pickaxe":2,"minecraft:gold_ingot":18,"minecraft:shears":2,"securitycraft:universal_block_reinforcer_lvl1":1,"minecraft:cherry_planks":16,"evilcraft:dark_spike":48,"minecraft:coal":45,"minecraft:fishing_rod":1,"evilcraft:blood_chest":1,"minecraft:stone_button":8,"sanitydim:garland":3,"travelersbackpack:gold_tier_upgrade":1,"epicpaladins:bloodstone_sword":1,"travelersbackpack:blank_upgrade":4,"minecraft:flint_and_steel":1,"minecraft:glass_pane":16,"minecraft:iron_axe":1,"securitycraft:universal_block_remover":1,"minecraft:stone_pickaxe":1,"minecraft:redstone_block":1,"minecraft:dark_oak_planks":8,"minecraft:wheat":90,"evilcraft:blood_infusion_core":2,"travelersbackpack:backpack_tank":2,"minecraft:bucket":1,"minecraft:jungle_planks":8,"minecraft:air":0,"minecraft:bread":32,"evilcraft:blood_infuser":1,"minecraft:wooden_axe":1,"minecraft:iron_leggings":1,"minecraft:acacia_planks":48,"minecraft:torch":660},"minecraft:dropped":{"minecraft:iron_sword":1,"minecraft:ender_pearl":1,"minecraft:netherite_upgrade_smithing_template":2,"minecraft:cod":1,"born_in_chaos_v1:monster_flesh":1,"minecraft:cracked_polished_blackstone_bricks":2,"minecraft:dirt":2,"tombstone:bag_of_seeds":1,"minecraft:polished_blackstone_bricks":4,"minecraft:tube_coral":1,"minecraft:fishing_rod":1,"minecraft:bone":2,"minecraft:chiseled_polished_blackstone":2,"minecraft:blackstone":12,"minecraft:wheat":1,"minecraft:rotten_flesh":4,"minecraft:basalt":5,"minecraft:arrow":4,"born_in_chaos_v1:dark_rod":1,"minecraft:wheat_seeds":9,"evilcraft:dark_gem":1,"mowziesmobs:wrought_axe":1,"minecraft:pufferfish":1,"minecraft:lava_bucket":2,"evilcraft:blood_extractor":1,"minecraft:golden_carrot":19,"tombstone:magic_scroll":1,"minecraft:torch":64,"artifacts:obsidian_skull":2,"epicpaladins:cryorium_gem":4,"epicpaladins:angel_sword":1,"mowziesmobs:wrought_helmet":1,"minecraft:pumpkin":13,"minecraft:iron_axe":1,"born_in_chaos_v1:shell_mace":1,"minecraft:string":2,"minecraft:kelp":6,"epicpaladins:bloodstone_gem":9,"evilcraft:box_of_eternal_closure":1,"securitycraft:universal_block_remover":1,"securitycraft:reinforced_grass_path":11,"sanitydim:garland":2,"minecraft:golden_sword":1,"securitycraft:universal_block_reinforcer_lvl1":1},"minecraft:broken":{"minecraft:wooden_shovel":1,"minecraft:iron_boots":1,"minecraft:iron_chestplate":1,"minecraft:iron_leggings":1,"sanitydim:garland":1,"minecraft:stone_pickaxe":1,"minecraft:iron_axe":1,"minecraft:iron_pickaxe":1},"minecraft:killed":{"born_in_chaos_v1:mr_pumpkin":9,"minecraft:witch":2,"born_in_chaos_v1:restless_spirit":1,"born_in_chaos_v1:zombie_lumberjack":3,"born_in_chaos_v1:sir_the_headless":1,"mowziesmobs:umvuthi":1,"enemyexpansion:equestrian":1,"minecraft:spider":2,"minecraft:zombie_horse":1,"born_in_chaos_v1:baby_skeleton_minion":2,"minecraft:skeleton":2,"mowziesmobs:umvuthana_crane":7,"born_in_chaos_v1:skeleton_thrasher":1,"minecraft:silverfish":3,"minecraft:piglin_brute":2,"minecraft:piglin":12,"born_in_chaos_v1:bonescaller":1,"minecraft:pig":1,"born_in_chaos_v1:bone_imp":1,"enemyexpansion:tarantula":1,"minecraft:creeper":1,"minecraft:pillager":6,"enemyexpansion:meature":1,"minecraft:zombie":25,"born_in_chaos_v1:dread_hound":1,"born_in_chaos_v1:corpse_fly":1,"enemyexpansion:botfly":4,"minecraft:ghast":1,"minecraft:cow":7,"enemyexpansion:wasp":1,"born_in_chaos_v1:thornshell_crab":1,"enemyexpansion:direwolf":4,"minecraft:zoglin":1,"born_in_chaos_v1:maggot":11,"born_in_chaos_v1:pumpkinhead":1,"mowziesmobs:ferrous_wroughtnaut":1,"enemyexpansion:silverqueen":1,"mowziesmobs:umvuthana":4,"born_in_chaos_v1:mr_pumpkin_controlled":1,"born_in_chaos_v1:barrel_zombie":1,"born_in_chaos_v1:felsteed":1,"mowziesmobs:baby_foliaath":1,"born_in_chaos_v1:baby_skeleton":1,"born_in_chaos_v1:spirit_guide_assistant":1,"enemyexpansion:sprinter":3,"born_in_chaos_v1:decrepit_skeleton":3,"enemyexpansion:slugger":2},"minecraft:used":{"minecraft:iron_shovel":37,"securitycraft:reinforced_cobblestone_stairs":3,"evilcraft:blood_chest":1,"minecraft:shield":50,"minecraft:iron_sword":288,"minecraft:iron_chestplate":1,"sanitydim:garland":3,"securitycraft:keypad_item":1,"minecraft:carrot":27,"born_in_chaos_v1:soul_cutlass":35,"minecraft:lava_bucket":3,"minecraft:lantern":2,"minecraft:birch_sapling":2,"mowziesmobs:clawed_log":1,"minecraft:iron_helmet":1,"minecraft:stone_bricks":7,"minecraft:item_frame":1,"minecraft:golden_sword":5,"minecraft:brown_carpet":14,"minecraft:bow":1,"minecraft:egg":5,"minecraft:stone_pickaxe":127,"minecraft:powered_rail":4,"minecraft:sand":1,"minecraft:crossbow":1,"securitycraft:universal_block_remover":16,"minecraft:shears":7,"minecraft:bread":116,"born_in_chaos_v1:pumpkin_staff":1,"minecraft:gravel":12,"minecraft:smithing_table":1,"minecraft:chain":1,"minecraft:acacia_log":1,"minecraft:wooden_shovel":63,"minecraft:torch":624,"minecraft:dirt":29,"minecraft:dark_oak_planks":6,"minecraft:wooden_axe":26,"minecraft:iron_axe":215,"minecraft:oak_stairs":2,"minecraft:smooth_basalt":2,"minecraft:tall_grass":1,"minecraft:golden_carrot":12,"tombstone:gift":4,"minecraft:cobbled_deepslate":22,"minecraft:acacia_planks":29,"minecraft:iron_leggings":1,"minecraft:cooked_mutton":3,"minecraft:cobblestone_stairs":4,"evilcraft:blood_infuser":3,"minecraft:cherry_planks":16,"minecraft:polished_blackstone_bricks":7,"securitycraft:reinforced_stone_bricks":1,"minecraft:oak_slab":1,"minecraft:crafting_table":16,"minecraft:white_bed":6,"minecraft:warped_planks":33,"mowziesmobs:wrought_axe":1,"minecraft:oak_log":1,"minecraft:diamond_pickaxe":59,"minecraft:iron_pickaxe":331,"tombstone:magic_scroll":2,"mowziesmobs:sol_visage":2,"minecraft:yellow_wool":4,"minecraft:fishing_rod":24,"minecraft:cobblestone":17,"minecraft:potion":1,"travelersbackpack:standard":26,"mowziesmobs:umvuthana_mask_fury":1,"minecraft:white_banner":2,"epicpaladins:bloodstone_sword":135,"minecraft:bucket":4,"minecraft:yellow_bed":3,"quark:oak_chest":14,"minecraft:smooth_stone":2},"minecraft:custom":{"minecraft:animals_bred":10,"minecraft:interact_with_crafting_table":51,"minecraft:open_barrel":3,"minecraft:eat_cake_slice":3,"minecraft:leave_game":8,"minecraft:time_since_death":82575,"minecraft:damage_resisted":629,"minecraft:sprint_one_cm":1180925,"minecraft:damage_blocked_by_shield":1290,"minecraft:drop":82,"minecraft:play_time":339944,"minecraft:deaths":3,"minecraft:jump":7599,"minecraft:walk_on_water_one_cm":46696,"minecraft:interact_with_furnace":24,"minecraft:interact_with_loom":1,"minecraft:sleep_in_bed":22,"minecraft:damage_dealt":28540,"minecraft:crouch_one_cm":48768,"tombstone:undead_killed":50,"minecraft:inspect_dispenser":2,"minecraft:interact_with_smithing_table":6,"minecraft:mob_kills":150,"minecraft:damage_dealt_resisted":2395,"minecraft:climb_one_cm":3348,"minecraft:walk_one_cm":760886,"minecraft:sneak_time":17319,"minecraft:walk_under_water_one_cm":5540,"minecraft:interact_with_blast_furnace":1,"minecraft:total_world_time":339944,"tombstone:raider_killed":8,"minecraft:time_since_rest":3514,"minecraft:damage_taken":8102,"minecraft:trigger_trapped_chest":2,"minecraft:swim_one_cm":17389,"minecraft:fly_one_cm":1753184,"minecraft:open_chest":316,"minecraft:fish_caught":12,"minecraft:fall_one_cm":203031},"minecraft:mined":{"minecraft:white_bed":7,"minecraft:cobblestone_stairs":2,"mowziesmobs:clawed_log":1,"minecraft:chiseled_polished_blackstone":2,"minecraft:acacia_log":29,"minecraft:grass_block":29,"minecraft:cracked_polished_blackstone_bricks":1,"minecraft:coal_block":7,"minecraft:oxeye_daisy":4,"minecraft:nether_wart":1,"minecraft:smooth_stone":2,"minecraft:polished_blackstone_bricks":11,"epicpaladins:moonlight_ore":3,"minecraft:glowstone":6,"minecraft:iron_ore":16,"minecraft:fire":6,"minecraft:pumpkin":21,"minecraft:azure_bluet":2,"minecraft:pointed_dripstone":3,"minecraft:dirt_path":4,"minecraft:oak_stairs":2,"minecraft:deepslate_redstone_ore":10,"minecraft:blackstone":6,"minecraft:torch":10,"minecraft:blast_furnace":1,"minecraft:calcite":1,"minecraft:dead_bush":7,"minecraft:cobblestone":1,"minecraft:oak_planks":13,"minecraft:sugar_cane":6,"minecraft:wall_torch":2,"minecraft:amethyst_block":3,"minecraft:skeleton_skull":3,"minecraft:warped_planks":2,"evilcraft:dark_ore_deepslate":8,"minecraft:yellow_wool":4,"epicpaladins:deepslate_cryorium_ore":9,"minecraft:tnt":1,"minecraft:grass":72,"minecraft:oak_log":65,"minecraft:sand":60,"minecraft:dirt":30,"minecraft:smooth_basalt":2,"born_in_chaos_v1:infernal_evil_pumpkin_s":1,"minecraft:deepslate":43,"minecraft:oak_leaves":7,"evilcraft:hardened_blood":4,"alexscaves:spelunkery_table":1,"minecraft:deepslate_diamond_ore":7,"minecraft:dark_oak_fence":6,"epicpaladins:deepslate_arclight_ore":19,"minecraft:hay_block":10,"minecraft:nether_sprouts":1,"evilcraft:box_of_eternal_closure":1,"minecraft:andesite":3,"evilcraft:dark_ore":3,"minecraft:peony":9,"minecraft:gold_block":4,"minecraft:bookshelf":2,"minecraft:deepslate_iron_ore":56,"minecraft:cobblestone_slab":1,"minecraft:warped_stem":8,"minecraft:stripped_oak_log":10,"minecraft:stone":33,"minecraft:smithing_table":1,"minecraft:oak_slab":1,"minecraft:acacia_leaves":3,"minecraft:soul_sand":7,"epicpaladins:deepslate_bloodstone_ore":19,"quark:oak_chest":5,"minecraft:brown_carpet":14,"minecraft:basalt":5,"minecraft:dandelion":25,"travelersbackpack:standard":12,"minecraft:crafting_table":11,"minecraft:cornflower":2,"evilcraft:blood_infuser":2,"minecraft:stone_slab":2,"minecraft:tall_grass":15,"minecraft:deepslate_gold_ore":11,"minecraft:warped_wart_block":1,"minecraft:yellow_bed":3,"minecraft:coal_ore":193,"minecraft:gravel":16,"minecraft:cobweb":1,"minecraft:acacia_planks":1,"minecraft:stone_bricks":7}},"DataVersion":3465}