{"stats":{"minecraft:custom":{"minecraft:interact_with_furnace":1,"minecraft:mob_kills":20,"minecraft:interact_with_crafting_table":8,"minecraft:open_barrel":27,"minecraft:damage_dealt_resisted":96,"minecraft:leave_game":11,"minecraft:time_since_death":8921,"minecraft:sleep_in_bed":7,"minecraft:climb_one_cm":4105,"minecraft:time_since_rest":3182,"minecraft:sprint_one_cm":205974,"minecraft:damage_taken":971,"minecraft:walk_one_cm":191689,"minecraft:drop":10,"minecraft:damage_dealt":6268,"minecraft:swim_one_cm":1133,"minecraft:talked_to_villager":1,"minecraft:fly_one_cm":338311,"minecraft:open_chest":18,"minecraft:crouch_one_cm":7546,"minecraft:play_time":66409,"tombstone:undead_killed":4,"minecraft:deaths":1,"minecraft:sneak_time":3042,"minecraft:walk_under_water_one_cm":138,"minecraft:interact_with_brewingstand":1,"minecraft:jump":1460,"minecraft:walk_on_water_one_cm":2702,"minecraft:total_world_time":66409,"minecraft:fall_one_cm":41123},"minecraft:picked_up":{"minecraft:wheat":33,"born_in_chaos_v1:river_mint":8,"minecraft:iron_door":1,"minecraft:wooden_pickaxe":1,"minecraft:potion":2,"minecraft:oak_log":4,"minecraft:brewing_stand":1,"minecraft:gunpowder":1,"minecraft:dirt":18,"minecraft:lantern":1,"minecraft:iron_axe":1,"minecraft:armor_stand":1,"minecraft:iron_leggings":1,"minecraft:cooked_mutton":1,"minecraft:bone":4,"minecraft:zombie_head":2,"minecraft:acacia_planks":17,"minecraft:bow":1,"minecraft:wheat_seeds":70,"minecraft:stone_pickaxe":1,"born_in_chaos_v1:gnawed_bones":1,"minecraft:glass_bottle":1,"minecraft:sugar_cane":1,"minecraft:acacia_sapling":2,"minecraft:egg":1,"minecraft:book":2,"minecraft:ghast_tear":1,"minecraft:stick":4,"minecraft:raw_iron":2,"minecraft:stripped_mangrove_wood":1,"minecraft:acacia_log":10,"minecraft:brown_carpet":1,"minecraft:stone_sword":1,"minecraft:arrow":1,"minecraft:rotten_flesh":5,"born_in_chaos_v1:pile_of_skulls":1,"minecraft:pumpkin_pie":2,"evilcraft:dark_gem":5,"minecraft:hay_block":28,"minecraft:bone_meal":2,"born_in_chaos_v1:cultivated_pumpkin":1,"minecraft:oak_sapling":8,"minecraft:coal":49,"minecraft:cobblestone":115},"minecraft:dropped":{"minecraft:wheat_seeds":1,"minecraft:stone_sword":1,"minecraft:dirt":16,"minecraft:potion":2,"minecraft:iron_leggings":1,"minecraft:wooden_pickaxe":2,"born_in_chaos_v1:mint_ice_cream":1,"minecraft:acacia_planks":16},"minecraft:crafted":{"minecraft:oak_planks":16,"minecraft:crafting_table":1,"minecraft:wooden_pickaxe":1,"minecraft:bread":95,"quark:acacia_chest":2,"minecraft:stick":4,"minecraft:stone_pickaxe":1,"minecraft:stone_sword":1,"minecraft:acacia_planks":40,"minecraft:torch":8,"minecraft:wheat":252},"minecraft:mined":{"born_in_chaos_v1:cultivated_pumpkin":1,"minecraft:brown_carpet":1,"minecraft:brewing_stand":1,"minecraft:acacia_log":10,"minecraft:grass_block":2,"minecraft:tall_grass":2,"minecraft:cobblestone":18,"minecraft:sugar_cane":1,"born_in_chaos_v1:gnawed_bones":1,"minecraft:iron_door":1,"born_in_chaos_v1:pile_of_skulls":1,"minecraft:seagrass":1,"minecraft:hay_block":24,"minecraft:iron_ore":2,"minecraft:fire":23,"born_in_chaos_v1:river_mint":8,"evilcraft:dark_ore":1,"minecraft:grass":13,"minecraft:oak_log":8,"minecraft:coal_ore":49,"minecraft:zombie_head":2,"minecraft:acacia_planks":1,"born_in_chaos_v1:infernal_evil_pumpkin_s":1,"minecraft:stone":98,"minecraft:oak_leaves":2},"minecraft:killed":{"born_in_chaos_v1:mr_pumpkin":7,"born_in_chaos_v1:zombie_clown_not_despawn":1,"minecraft:spider":1,"enemyexpansion:direwolf":1,"born_in_chaos_v1:decrepit_skeleton":1,"born_in_chaos_v1:maggot":4,"minecraft:zombie":1,"born_in_chaos_v1:dark_vortex":1,"born_in_chaos_v1:corpse_fish":2,"minecraft:wither_skeleton":1},"minecraft:killed_by":{"sanitydim:sneaking_terror":1},"minecraft:used":{"born_in_chaos_v1:mint_ice_cream":1,"minecraft:stone_sword":140,"minecraft:armor_stand":1,"minecraft:stone_pickaxe":166,"minecraft:wooden_pickaxe":6,"minecraft:iron_chestplate":1,"minecraft:torch":9,"minecraft:stripped_mangrove_wood":1,"minecraft:dirt":2,"minecraft:crafting_table":1,"quark:acacia_chest":2,"born_in_chaos_v1:smoked_flesh":1,"minecraft:zombie_head":1,"minecraft:lantern":1,"minecraft:iron_axe":15,"minecraft:bread":21,"minecraft:map":1,"minecraft:iron_helmet":1,"minecraft:iron_boots":1,"minecraft:iron_door":1,"minecraft:brown_carpet":1,"minecraft:cobblestone":26,"minecraft:bow":1,"born_in_chaos_v1:river_mint":1,"tombstone:gift":1,"minecraft:pumpkin_pie":1,"minecraft:egg":1,"minecraft:acacia_planks":21,"minecraft:iron_leggings":1},"minecraft:broken":{"minecraft:stone_pickaxe":1,"minecraft:stone_sword":1}},"DataVersion":3465}