{"stats":{"minecraft:broken":{"minecraft:wooden_shovel":1,"minecraft:stone_pickaxe":1,"minecraft:iron_axe":1},"minecraft:used":{"minecraft:shield":6,"minecraft:iron_sword":120,"minecraft:wooden_shovel":63,"minecraft:torch":279,"minecraft:dirt":7,"sanitydim:garland":2,"minecraft:wooden_axe":26,"minecraft:dark_oak_planks":6,"minecraft:lava_bucket":3,"minecraft:lantern":1,"minecraft:iron_axe":121,"minecraft:birch_sapling":2,"mowziesmobs:clawed_log":1,"minecraft:iron_helmet":1,"minecraft:stone_bricks":2,"minecraft:item_frame":1,"minecraft:golden_sword":5,"minecraft:tall_grass":1,"tombstone:gift":2,"minecraft:egg":1,"minecraft:acacia_planks":27,"minecraft:cooked_mutton":3,"minecraft:stone_pickaxe":127,"minecraft:cherry_planks":16,"minecraft:sand":1,"minecraft:crafting_table":6,"minecraft:crossbow":1,"minecraft:white_bed":6,"minecraft:bread":53,"minecraft:iron_pickaxe":17,"tombstone:magic_scroll":2,"mowziesmobs:sol_visage":1,"minecraft:yellow_wool":4,"minecraft:cobblestone":17,"travelersbackpack:standard":9,"minecraft:white_banner":2,"mowziesmobs:umvuthana_mask_fury":1,"minecraft:bucket":4,"minecraft:chain":1,"minecraft:yellow_bed":2,"quark:oak_chest":10},"minecraft:killed":{"born_in_chaos_v1:zombie_lumberjack":3,"born_in_chaos_v1:restless_spirit":1,"mowziesmobs:umvuthi":1,"minecraft:spider":1,"enemyexpansion:direwolf":1,"minecraft:zoglin":1,"minecraft:zombie_horse":1,"born_in_chaos_v1:baby_skeleton_minion":2,"born_in_chaos_v1:maggot":4,"minecraft:skeleton":1,"mowziesmobs:ferrous_wroughtnaut":1,"mowziesmobs:umvuthana_crane":5,"born_in_chaos_v1:skeleton_thrasher":1,"mowziesmobs:umvuthana":3,"born_in_chaos_v1:mr_pumpkin_controlled":1,"born_in_chaos_v1:bonescaller":1,"born_in_chaos_v1:baby_skeleton":1,"enemyexpansion:sprinter":1,"born_in_chaos_v1:decrepit_skeleton":1,"minecraft:pillager":6,"minecraft:zombie":9,"born_in_chaos_v1:corpse_fly":1,"minecraft:ghast":1,"enemyexpansion:wasp":1,"minecraft:cow":4},"minecraft:dropped":{"minecraft:wheat_seeds":3,"minecraft:ender_pearl":1,"minecraft:lava_bucket":2,"minecraft:dirt":2,"minecraft:iron_axe":1,"minecraft:bone":1,"minecraft:rotten_flesh":2,"sanitydim:garland":2,"minecraft:golden_sword":1,"born_in_chaos_v1:dark_rod":1},"minecraft:mined":{"minecraft:white_bed":7,"minecraft:cobblestone_stairs":2,"mowziesmobs:clawed_log":1,"minecraft:dark_oak_fence":6,"minecraft:acacia_log":28,"minecraft:grass_block":9,"minecraft:oxeye_daisy":3,"minecraft:hay_block":10,"minecraft:fire":5,"minecraft:azure_bluet":2,"minecraft:gold_block":3,"minecraft:dirt_path":2,"minecraft:cobblestone_slab":1,"minecraft:stone":14,"quark:oak_chest":4,"minecraft:dandelion":14,"travelersbackpack:standard":5,"minecraft:crafting_table":4,"minecraft:cornflower":2,"minecraft:torch":8,"minecraft:stone_slab":2,"minecraft:cobblestone":1,"minecraft:tall_grass":4,"minecraft:sugar_cane":2,"minecraft:skeleton_skull":3,"minecraft:yellow_wool":4,"minecraft:yellow_bed":2,"minecraft:grass":39,"minecraft:coal_ore":100,"minecraft:oak_log":34,"minecraft:sand":60,"minecraft:dirt":15,"minecraft:acacia_planks":1,"minecraft:stone_bricks":2,"minecraft:oak_leaves":7},"minecraft:crafted":{"minecraft:cherry_planks":16,"minecraft:oak_planks":84,"minecraft:coal":36,"born_in_chaos_v1:dark_charge":4,"sanitydim:garland":2,"minecraft:stone_pickaxe":1,"minecraft:dark_oak_planks":8,"minecraft:wheat":90,"minecraft:wooden_shovel":2,"minecraft:crafting_table":4,"minecraft:bucket":1,"minecraft:birch_planks":4,"minecraft:air":0,"minecraft:jungle_planks":8,"minecraft:stick":84,"quark:oak_chest":5,"minecraft:iron_ingot":8,"minecraft:iron_pickaxe":1,"minecraft:wooden_axe":1,"minecraft:gold_ingot":18,"minecraft:acacia_planks":40,"minecraft:torch":300},"minecraft:killed_by":{"mowziesmobs:ferrous_wroughtnaut":2},"minecraft:picked_up":{"minecraft:seagrass":3,"minecraft:crafting_table":4,"minecraft:azure_bluet":2,"born_in_chaos_v1:seedof_chaos":1,"minecraft:yellow_wool":4,"minecraft:lead":3,"minecraft:stone_slab":2,"minecraft:gold_block":3,"minecraft:turtle_egg":1,"minecraft:chain":1,"minecraft:shield":1,"minecraft:golden_sword":1,"minecraft:cornflower":2,"minecraft:string":2,"evilcraft:ender_tear":1,"minecraft:iron_axe":1,"minecraft:item_frame":1,"minecraft:experience_bottle":1,"minecraft:beef":11,"minecraft:cobblestone_slab":1,"minecraft:sugar_cane":5,"minecraft:egg":4,"born_in_chaos_v1:shattered_skull":2,"mowziesmobs:sol_visage":1,"minecraft:torch":9,"minecraft:acacia_log":28,"minecraft:cherry_log":4,"tombstone:grave_dust":4,"born_in_chaos_v1:pieceofdarkmetal":4,"mowziesmobs:umvuthana_mask_faith":12,"minecraft:arrow":3,"minecraft:rotten_flesh":31,"minecraft:hay_block":10,"mowziesmobs:umvuthana_mask_bliss":5,"minecraft:skeleton_skull":3,"minecraft:cobblestone":15,"minecraft:oxeye_daisy":3,"minecraft:birch_log":1,"born_in_chaos_v1:corpse_maggot":4,"mowziesmobs:umvuthana_mask_fury":2,"minecraft:feather":8,"born_in_chaos_v1:spiritual_dust":3,"minecraft:glow_ink_sac":1,"minecraft:jungle_log":2,"minecraft:leather":6,"minecraft:oak_log":29,"minecraft:yellow_bed":2,"minecraft:cobblestone_stairs":2,"minecraft:gunpowder":2,"minecraft:dirt":16,"minecraft:lantern":1,"minecraft:cooked_mutton":2,"minecraft:bone":14,"minecraft:acacia_planks":1,"minecraft:stone_bricks":2,"mowziesmobs:umvuthana_mask_rage":2,"minecraft:wheat_seeds":8,"minecraft:iron_ingot":3,"minecraft:iron_sword":1,"mowziesmobs:umvuthana_mask_misery":3,"mowziesmobs:clawed_log":1,"born_in_chaos_v1:ethereal_spirit":1,"minecraft:dandelion":13,"minecraft:lava_bucket":1,"minecraft:sand":60,"born_in_chaos_v1:dark_rod":3,"minecraft:white_bed":7,"minecraft:grass_block":1,"quark:oak_chest":4,"travelersbackpack:standard":5,"minecraft:diamond":1,"minecraft:oak_sapling":5,"minecraft:coal":123,"minecraft:dark_oak_fence":6,"minecraft:ender_pearl":1},"minecraft:custom":{"minecraft:mob_kills":60,"minecraft:animals_bred":5,"minecraft:interact_with_crafting_table":14,"minecraft:open_barrel":1,"minecraft:damage_dealt_resisted":859,"minecraft:leave_game":5,"minecraft:time_since_death":9578,"minecraft:climb_one_cm":1068,"minecraft:damage_resisted":321,"minecraft:sprint_one_cm":478990,"minecraft:walk_one_cm":294023,"minecraft:damage_blocked_by_shield":105,"minecraft:drop":14,"minecraft:play_time":125511,"minecraft:deaths":2,"minecraft:sneak_time":6020,"minecraft:walk_under_water_one_cm":1612,"minecraft:jump":3421,"minecraft:walk_on_water_one_cm":3783,"minecraft:total_world_time":125511,"minecraft:interact_with_furnace":5,"tombstone:raider_killed":6,"minecraft:sleep_in_bed":12,"minecraft:time_since_rest":5015,"minecraft:damage_taken":2634,"minecraft:damage_dealt":10113,"minecraft:swim_one_cm":4755,"minecraft:fly_one_cm":869762,"minecraft:open_chest":98,"minecraft:crouch_one_cm":17342,"tombstone:undead_killed":22,"minecraft:fall_one_cm":97923,"minecraft:inspect_dispenser":2}},"DataVersion":3465}