{"stats":{"minecraft:killed_by":{"sanitydim:sneaking_terror":1,"minecraft:player":2,"mowziesmobs:ferrous_wroughtnaut":2},"minecraft:picked_up":{"minecraft:seagrass":3,"alexscaves:waste_drum":1,"minecraft:wheat":82,"alexscaves:radgill":5,"minecraft:redstone_block":1,"minecraft:flower_pot":1,"minecraft:yellow_wool":4,"minecraft:stone_slab":3,"minecraft:smithing_table":3,"minecraft:lead":4,"alexscaves:unrefined_waste":3,"minecraft:oak_stairs":5,"minecraft:turtle_egg":1,"minecraft:potion":1,"minecraft:stone_brick_stairs":3,"securitycraft:reinforced_oak_planks":4,"minecraft:golden_sword":4,"minecraft:amethyst_block":3,"born_in_chaos_v1:holiday_candy":23,"minecraft:string":8,"evilcraft:ender_tear":2,"minecraft:soul_soil":1,"minecraft:smooth_stone_slab":1,"alexscaves:acidic_radrock":1,"epicpaladins:bloodstone_gem":23,"minecraft:pufferfish":1,"minecraft:experience_bottle":2,"minecraft:oak_sign":2,"minecraft:beetroot":10,"minecraft:smooth_stone":2,"minecraft:gold_nugget":2,"minecraft:cobbled_deepslate":85,"minecraft:comparator":1,"minecraft:cobblestone_slab":1,"securitycraft:reinforced_oak_stairs":4,"minecraft:calcite":1,"minecraft:coal_block":7,"evilcraft:blood_extractor":1,"minecraft:stick":4,"born_in_chaos_v1:shattered_skull":2,"epicpaladins:arclight_gem":43,"mowziesmobs:sol_visage":1,"minecraft:oak_fence":1,"minecraft:torch":47,"minecraft:acacia_log":29,"minecraft:porkchop":3,"minecraft:cherry_log":4,"tombstone:grave_dust":5,"minecraft:pointed_dripstone":4,"epicpaladins:moonlight_gem":8,"minecraft:warped_planks":2,"minecraft:brown_carpet":14,"evilcraft:box_of_eternal_closure":2,"minecraft:rotten_flesh":50,"epicpaladins:cryorium_gem":12,"securitycraft:reinforced_cobbled_deepslate":13,"minecraft:obsidian":4,"minecraft:iron_bars":3,"minecraft:cod":11,"minecraft:cobblestone":166,"minecraft:birch_log":3,"evilcraft:vengeance_pickaxe":1,"minecraft:magma_block":2,"minecraft:feather":17,"minecraft:lilac":1,"minecraft:andesite":3,"minecraft:water_bucket":1,"born_in_chaos_v1:spiritual_dust":3,"minecraft:jungle_log":2,"minecraft:golden_leggings":2,"minecraft:potato":97,"minecraft:flint":2,"minecraft:tuff":1,"evilcraft:flesh_humanoid":1,"securitycraft:reinforced_ladder":6,"minecraft:lapis_lazuli":111,"minecraft:dirt":559,"minecraft:lantern":5,"securitycraft:reinforced_stone_button":8,"minecraft:bone":32,"minecraft:acacia_planks":3,"securitycraft:reinforced_acacia_planks":2,"minecraft:bow":3,"alexscaves:toxic_paste":9,"minecraft:wheat_seeds":208,"minecraft:raw_gold":1,"minecraft:glowstone_dust":22,"minecraft:oak_planks":19,"minecraft:chiseled_polished_blackstone":2,"minecraft:warped_wart_block":1,"minecraft:oak_pressure_plate":4,"alexscaves:uranium":42,"evilcraft:dark_gem_crushed":1,"minecraft:sand":60,"evilcraft:sanguinary_pedestal_0":3,"minecraft:grass_block":3,"minecraft:dead_bush":9,"securitycraft:universal_block_remover":1,"born_in_chaos_v1:fire_dust":2,"minecraft:diamond":21,"minecraft:spruce_boat":1,"minecraft:lever":1,"minecraft:cracked_polished_blackstone_bricks":2,"evilcraft:blood_infuser":2,"minecraft:emerald":1,"born_in_chaos_v1:rotten_fish":1,"minecraft:oak_sapling":16,"minecraft:netherrack":87,"epicpaladins:angel_sword":1,"minecraft:dark_oak_fence":6,"minecraft:charcoal":2,"minecraft:fishing_rod":1,"minecraft:crafting_table":13,"born_in_chaos_v1:diamond_termite_shard":1,"minecraft:allium":2,"minecraft:nether_wart":13,"minecraft:azure_bluet":5,"evilcraft:dark_power_gem":1,"evilcraft:undead_sapling":1,"born_in_chaos_v1:river_mint":2,"minecraft:ladder":1,"born_in_chaos_v1:seedof_chaos":1,"born_in_chaos_v1:serpumpkinhead_m":1,"minecraft:gold_block":4,"minecraft:chain":1,"minecraft:shield":1,"minecraft:cornflower":3,"minecraft:iron_axe":1,"minecraft:item_frame":1,"minecraft:blackstone":12,"minecraft:beef":20,"securitycraft:reinforced_cobweb":3,"minecraft:sugar_cane":12,"evilcraft:hardened_blood_shard":25,"minecraft:poppy":7,"securitycraft:reinforced_grass_path":11,"minecraft:egg":11,"securitycraft:reinforced_cobblestone_stairs":7,"minecraft:raw_iron":18,"minecraft:oak_door":2,"minecraft:polished_blackstone_bricks":11,"born_in_chaos_v1:pieceofdarkmetal":7,"minecraft:carrot":164,"minecraft:redstone":131,"travelersbackpack:hose":1,"mowziesmobs:umvuthana_mask_faith":13,"minecraft:tube_coral":1,"minecraft:arrow":24,"minecraft:beetroot_seeds":20,"minecraft:peony":9,"minecraft:hay_block":14,"securitycraft:reinforced_stone_bricks":7,"alexscaves:spelunkery_table":2,"mowziesmobs:umvuthana_mask_bliss":8,"born_in_chaos_v1:spiny_shell":2,"minecraft:gold_ingot":17,"minecraft:skeleton_skull":3,"minecraft:white_wool":12,"minecraft:oxeye_daisy":5,"minecraft:stripped_oak_log":7,"mowziesmobs:umvuthana_mask_fury":3,"born_in_chaos_v1:corpse_maggot":5,"born_in_chaos_v1:monster_flesh":1,"alexscaves:sulfur_dust":55,"minecraft:basalt":5,"minecraft:tripwire_hook":1,"minecraft:golden_carrot":16,"born_in_chaos_v1:pumpkin_staff":2,"minecraft:glow_ink_sac":1,"minecraft:leather":13,"born_in_chaos_v1:shell_mace":1,"minecraft:oak_log":81,"minecraft:golden_boots":1,"minecraft:yellow_bed":5,"minecraft:gunpowder":8,"minecraft:cobblestone_stairs":2,"mowziesmobs:wrought_axe":1,"quark:forgotten_hat":1,"minecraft:cooked_mutton":3,"born_in_chaos_v1:soul_cutlass":2,"minecraft:apple":3,"minecraft:stone_bricks":7,"mowziesmobs:umvuthana_mask_rage":6,"minecraft:kelp":6,"minecraft:warped_stem":21,"alexscaves:radrock":113,"minecraft:iron_ingot":125,"securitycraft:universal_block_reinforcer_lvl1":1,"tombstone:bag_of_seeds":1,"minecraft:iron_sword":1,"mowziesmobs:umvuthana_mask_misery":5,"minecraft:soul_sand":25,"minecraft:book":8,"minecraft:oak_slab":4,"artifacts:obsidian_skull":3,"evilcraft:undead_log":5,"minecraft:smooth_basalt":2,"mowziesmobs:clawed_log":1,"minecraft:pumpkin":21,"alexscaves:fissile_core":1,"minecraft:stone_brick_slab":5,"born_in_chaos_v1:ethereal_spirit":2,"minecraft:dandelion":33,"minecraft:raw_iron_block":1,"minecraft:dripstone_block":3,"minecraft:gravel":43,"minecraft:lava_bucket":1,"born_in_chaos_v1:dark_rod":3,"mowziesmobs:wrought_helmet":1,"minecraft:spruce_sapling":1,"minecraft:blast_furnace":1,"minecraft:white_bed":7,"minecraft:spruce_log":7,"quark:oak_chest":5,"travelersbackpack:standard":15,"minecraft:pumpkin_seeds":44,"minecraft:purple_bed":1,"evilcraft:dark_gem":56,"minecraft:painting":2,"mowziesmobs:umvuthana_mask_fear":2,"tombstone:magic_scroll":2,"minecraft:coal":225,"minecraft:ender_pearl":3},"minecraft:dropped":{"minecraft:iron_sword":1,"minecraft:oak_pressure_plate":2,"minecraft:ender_pearl":1,"mca:bouquet":1,"minecraft:netherite_upgrade_smithing_template":2,"minecraft:cod":1,"born_in_chaos_v1:monster_flesh":1,"minecraft:cracked_polished_blackstone_bricks":2,"minecraft:dirt":10,"tombstone:bag_of_seeds":1,"minecraft:gold_nugget":2,"minecraft:polished_blackstone_bricks":4,"minecraft:tube_coral":1,"securitycraft:reinforced_stone_bricks":3,"minecraft:fishing_rod":1,"minecraft:bone":2,"minecraft:oak_door":2,"minecraft:gravel":28,"minecraft:chiseled_polished_blackstone":2,"minecraft:blackstone":12,"minecraft:wheat":1,"minecraft:rotten_flesh":6,"minecraft:azure_bluet":2,"alexscaves:radon_bottle":2,"securitycraft:reinforced_oak_planks":2,"minecraft:beetroot_seeds":14,"minecraft:painting":1,"minecraft:basalt":5,"minecraft:arrow":4,"born_in_chaos_v1:dark_rod":1,"minecraft:bread":6,"minecraft:water_bucket":1,"minecraft:wheat_seeds":127,"minecraft:oak_fence":1,"evilcraft:dark_gem":1,"evilcraft:vengeance_pickaxe":1,"mowziesmobs:wrought_axe":1,"minecraft:pufferfish":1,"minecraft:lava_bucket":2,"evilcraft:blood_extractor":1,"minecraft:golden_carrot":19,"tombstone:magic_scroll":1,"minecraft:torch":64,"artifacts:obsidian_skull":2,"epicpaladins:cryorium_gem":4,"epicpaladins:angel_sword":1,"minecraft:oak_stairs":3,"mowziesmobs:wrought_helmet":1,"minecraft:pumpkin":13,"securitycraft:reinforced_cobweb":2,"minecraft:iron_axe":1,"born_in_chaos_v1:shell_mace":1,"minecraft:string":2,"minecraft:dandelion":1,"minecraft:kelp":6,"minecraft:soul_soil":1,"minecraft:tuff":1,"epicpaladins:bloodstone_gem":9,"evilcraft:box_of_eternal_closure":1,"minecraft:oak_sign":2,"securitycraft:universal_block_remover":1,"alexscaves:radgill":2,"minecraft:potato":3,"securitycraft:reinforced_grass_path":11,"sanitydim:garland":2,"minecraft:oak_sapling":6,"minecraft:golden_sword":3,"securitycraft:universal_block_reinforcer_lvl1":1,"travelersbackpack:hose":1},"minecraft:crafted":{"minecraft:grindstone":1,"minecraft:smooth_stone":3,"minecraft:oak_planks":304,"alexscaves:polymer_plate":24,"travelersbackpack:crafting_upgrade":1,"born_in_chaos_v1:dark_charge":4,"minecraft:stone":49,"minecraft:cobblestone_stairs":4,"minecraft:lever":3,"securitycraft:keypad_item":1,"minecraft:bookshelf":1,"minecraft:heavy_weighted_pressure_plate":1,"minecraft:iron_bars":16,"minecraft:warped_planks":84,"securitycraft:laser_block":1,"minecraft:glass":59,"alexscaves:hazmat_mask":1,"minecraft:stone_brick_slab":60,"minecraft:iron_boots":1,"evilcraft:blood_extractor":19,"minecraft:chest":4,"minecraft:iron_door":3,"minecraft:netherite_upgrade_smithing_template":2,"minecraft:stone_hoe":1,"minecraft:stone_bricks":32,"minecraft:golden_sword":2,"epicpaladins:moonlight_sword":1,"minecraft:glass_bottle":24,"minecraft:oak_slab":6,"evilcraft:undead_planks":4,"minecraft:wooden_shovel":2,"travelersbackpack:iron_tier_upgrade":1,"minecraft:crafting_table":8,"minecraft:spruce_planks":12,"alexscaves:hazmat_leggings":1,"minecraft:baked_potato":39,"minecraft:birch_planks":12,"minecraft:pumpkin_seeds":24,"minecraft:campfire":2,"minecraft:lectern":1,"minecraft:stone_slab":6,"minecraft:stick":360,"quark:oak_chest":13,"minecraft:iron_ingot":49,"minecraft:iron_pickaxe":2,"minecraft:iron_block":3,"minecraft:gold_ingot":18,"evilcraft:vengeance_pickaxe":1,"minecraft:shears":2,"securitycraft:universal_block_reinforcer_lvl1":1,"alexscaves:hazmat_boots":1,"minecraft:cherry_planks":16,"evilcraft:dark_spike":48,"mca:blueprint":1,"minecraft:coal":45,"minecraft:fishing_rod":1,"evilcraft:blood_chest":1,"minecraft:furnace":1,"minecraft:stone_button":8,"minecraft:blast_furnace":1,"mca:bouquet":1,"minecraft:bone_meal":60,"sanitydim:garland":4,"epicpaladins:bloodstone_sword":1,"travelersbackpack:blank_upgrade":4,"travelersbackpack:gold_tier_upgrade":1,"alexscaves:cave_map":1,"minecraft:glass_pane":16,"minecraft:flint_and_steel":1,"evilcraft:dark_block":2,"minecraft:iron_axe":1,"evilcraft:sanguinary_pedestal_0":1,"securitycraft:universal_block_remover":1,"minecraft:stone_pickaxe":1,"evilcraft:dark_stick":4,"minecraft:spruce_boat":1,"minecraft:redstone_block":1,"minecraft:dark_oak_planks":8,"travelersbackpack:diamond_tier_upgrade":1,"minecraft:wheat":117,"minecraft:cooked_beef":20,"evilcraft:blood_infusion_core":2,"travelersbackpack:backpack_tank":2,"alexscaves:hazmat_chestplate":1,"minecraft:bucket":2,"minecraft:jungle_planks":8,"minecraft:air":0,"minecraft:bread":41,"minecraft:blue_dye":1,"evilcraft:blood_infuser":1,"minecraft:wooden_axe":1,"minecraft:iron_shovel":1,"minecraft:iron_leggings":1,"minecraft:anvil":1,"minecraft:white_bed":3,"minecraft:acacia_planks":72,"minecraft:torch":1080},"minecraft:broken":{"minecraft:iron_shovel":1,"minecraft:wooden_shovel":1,"minecraft:iron_boots":1,"minecraft:iron_chestplate":1,"minecraft:iron_leggings":1,"sanitydim:garland":1,"minecraft:stone_pickaxe":1,"minecraft:iron_axe":1,"minecraft:iron_pickaxe":1},"minecraft:killed":{"evilcraft:netherfish":1,"born_in_chaos_v1:mr_pumpkin":14,"minecraft:witch":2,"born_in_chaos_v1:restless_spirit":2,"born_in_chaos_v1:zombie_lumberjack":3,"born_in_chaos_v1:sir_the_headless":2,"mowziesmobs:umvuthi":1,"enemyexpansion:equestrian":1,"minecraft:spider":3,"minecraft:zombie_horse":1,"born_in_chaos_v1:baby_skeleton_minion":2,"quark:forgotten":1,"minecraft:skeleton":10,"alexscaves:radgill":1,"mowziesmobs:umvuthana_crane":7,"born_in_chaos_v1:skeleton_thrasher":1,"minecraft:silverfish":11,"minecraft:piglin_brute":2,"born_in_chaos_v1:firelight_not_despawn":2,"minecraft:piglin":12,"born_in_chaos_v1:bonescaller":1,"minecraft:pig":1,"alexscaves:gammaroach":6,"born_in_chaos_v1:bone_imp":1,"enemyexpansion:tarantula":1,"minecraft:iron_golem":1,"minecraft:creeper":3,"minecraft:pillager":6,"enemyexpansion:meature":1,"minecraft:zombie":30,"born_in_chaos_v1:dread_hound":1,"born_in_chaos_v1:corpse_fly":1,"enemyexpansion:botfly":4,"minecraft:ghast":1,"enemyexpansion:wasp":1,"minecraft:cow":7,"sanitydim:rotting_stalker":2,"enemyexpansion:direwolf":6,"born_in_chaos_v1:thornshell_crab":1,"minecraft:zoglin":1,"alexscaves:nucleeper":1,"born_in_chaos_v1:maggot":15,"born_in_chaos_v1:pumpkinhead":2,"mowziesmobs:ferrous_wroughtnaut":1,"enemyexpansion:silverqueen":2,"mowziesmobs:umvuthana":4,"born_in_chaos_v1:mr_pumpkin_controlled":1,"born_in_chaos_v1:barrel_zombie":1,"mowziesmobs:baby_foliaath":1,"born_in_chaos_v1:felsteed":1,"born_in_chaos_v1:baby_skeleton":1,"born_in_chaos_v1:spirit_guide_assistant":1,"enemyexpansion:sprinter":3,"born_in_chaos_v1:decrepit_skeleton":4,"minecraft:enderman":4,"enemyexpansion:slugger":3},"minecraft:used":{"securitycraft:reinforced_cobblestone_stairs":3,"minecraft:iron_shovel":626,"evilcraft:blood_chest":1,"minecraft:ladder":1,"minecraft:chest":4,"minecraft:shield":50,"minecraft:nether_wart":9,"minecraft:iron_sword":288,"minecraft:stone":2,"minecraft:iron_chestplate":1,"minecraft:soul_sand":24,"securitycraft:keypad_item":1,"sanitydim:garland":4,"minecraft:carrot":217,"born_in_chaos_v1:soul_cutlass":323,"alexscaves:hazmat_boots":1,"minecraft:milk_bucket":3,"minecraft:lava_bucket":3,"minecraft:spruce_boat":2,"alexscaves:acidic_radrock":1,"minecraft:lantern":5,"minecraft:birch_sapling":2,"mowziesmobs:clawed_log":1,"minecraft:iron_helmet":1,"minecraft:stone_bricks":7,"minecraft:item_frame":1,"minecraft:golden_sword":5,"minecraft:brown_carpet":14,"minecraft:bow":1,"minecraft:hay_block":1,"minecraft:egg":5,"minecraft:potato":41,"minecraft:stone_pickaxe":127,"minecraft:powered_rail":4,"minecraft:oak_planks":22,"minecraft:golden_apple":2,"alexscaves:hazmat_mask":2,"minecraft:sand":1,"evilcraft:undead_sapling":5,"alexscaves:cave_book":1,"minecraft:blast_furnace":2,"minecraft:crossbow":1,"securitycraft:universal_block_remover":53,"securitycraft:reinforced_ladder":6,"minecraft:shears":7,"minecraft:lever":4,"born_in_chaos_v1:pumpkin_staff":1,"minecraft:bread":121,"minecraft:lectern":1,"minecraft:iron_door":2,"minecraft:gravel":12,"minecraft:lilac":1,"securitycraft:reinforced_cobbled_deepslate":3,"minecraft:grindstone":1,"minecraft:smithing_table":3,"evilcraft:sanguinary_pedestal_0":4,"minecraft:smooth_stone_slab":1,"minecraft:chain":1,"minecraft:bone_meal":31,"alexscaves:hazmat_chestplate":1,"minecraft:iron_bars":19,"minecraft:acacia_log":1,"alexscaves:hazmat_leggings":1,"minecraft:redstone":1,"evilcraft:vengeance_pickaxe":48,"minecraft:wooden_shovel":63,"minecraft:cooked_salmon":15,"minecraft:stone_hoe":42,"minecraft:netherrack":86,"minecraft:torch":1044,"minecraft:dirt":291,"minecraft:anvil":1,"alexscaves:waste_drum":1,"minecraft:dark_oak_planks":6,"minecraft:stone_brick_slab":56,"minecraft:wooden_axe":26,"minecraft:iron_axe":295,"minecraft:oak_stairs":2,"evilcraft:flesh_humanoid":1,"minecraft:tall_grass":1,"minecraft:smooth_basalt":2,"alexscaves:spelunkery_table":2,"minecraft:golden_carrot":12,"tombstone:gift":4,"minecraft:cooked_beef":20,"minecraft:cobbled_deepslate":79,"minecraft:iron_leggings":1,"minecraft:acacia_planks":29,"minecraft:cooked_mutton":3,"minecraft:water_bucket":49,"minecraft:cobblestone_stairs":4,"minecraft:birch_planks":8,"minecraft:baked_potato":30,"evilcraft:blood_infuser":3,"minecraft:cherry_planks":16,"minecraft:polished_blackstone_bricks":7,"securitycraft:reinforced_stone_bricks":1,"minecraft:crafting_table":17,"minecraft:oak_slab":2,"minecraft:white_bed":10,"minecraft:campfire":2,"minecraft:warped_planks":85,"mowziesmobs:wrought_axe":1,"minecraft:oak_log":1,"minecraft:flower_pot":1,"minecraft:diamond_pickaxe":557,"minecraft:iron_pickaxe":331,"tombstone:magic_scroll":2,"minecraft:stone_slab":1,"mowziesmobs:sol_visage":5,"minecraft:yellow_wool":4,"minecraft:fishing_rod":24,"minecraft:cobblestone":91,"minecraft:potion":1,"travelersbackpack:standard":36,"minecraft:white_banner":2,"mowziesmobs:umvuthana_mask_fury":1,"epicpaladins:bloodstone_sword":135,"minecraft:bucket":56,"minecraft:yellow_bed":5,"quark:oak_chest":14,"securitycraft:reinforced_oak_stairs":4,"alexscaves:radrock":76,"minecraft:smooth_stone":2},"minecraft:custom":{"minecraft:animals_bred":10,"minecraft:interact_with_crafting_table":69,"minecraft:open_barrel":9,"minecraft:eat_cake_slice":7,"minecraft:leave_game":11,"minecraft:time_since_death":46141,"minecraft:damage_resisted":629,"minecraft:sprint_one_cm":2528371,"minecraft:damage_blocked_by_shield":1290,"minecraft:drop":132,"minecraft:talked_to_villager":1,"minecraft:play_time":678320,"minecraft:deaths":5,"minecraft:jump":14204,"minecraft:walk_on_water_one_cm":76955,"minecraft:interact_with_furnace":47,"minecraft:interact_with_loom":6,"minecraft:sleep_in_bed":41,"minecraft:damage_dealt":47671,"minecraft:player_kills":2,"minecraft:crouch_one_cm":112493,"tombstone:undead_killed":66,"minecraft:interact_with_smithing_table":8,"minecraft:inspect_dispenser":2,"minecraft:horse_one_cm":195138,"minecraft:mob_kills":212,"minecraft:damage_dealt_resisted":3770,"minecraft:climb_one_cm":8884,"minecraft:walk_one_cm":1531457,"minecraft:sneak_time":35527,"minecraft:walk_under_water_one_cm":9594,"minecraft:boat_one_cm":57655,"minecraft:interact_with_blast_furnace":2,"minecraft:total_world_time":678320,"tombstone:raider_killed":8,"minecraft:pot_flower":1,"minecraft:time_since_rest":6078,"minecraft:damage_taken":11731,"minecraft:trigger_trapped_chest":2,"minecraft:swim_one_cm":46324,"minecraft:fly_one_cm":3107622,"minecraft:open_chest":569,"minecraft:fish_caught":12,"minecraft:fall_one_cm":367219},"minecraft:mined":{"minecraft:white_bed":7,"evilcraft:undead_leaves":2,"minecraft:cobblestone_stairs":2,"mowziesmobs:clawed_log":1,"minecraft:obsidian":4,"minecraft:grass_block":313,"minecraft:chiseled_polished_blackstone":2,"minecraft:acacia_log":29,"minecraft:cracked_polished_blackstone_bricks":1,"alexscaves:sulfur":13,"minecraft:oak_pressure_plate":2,"minecraft:coal_block":7,"minecraft:soul_soil":3,"minecraft:oxeye_daisy":4,"minecraft:oak_wall_sign":1,"minecraft:nether_wart":4,"minecraft:spawner":1,"minecraft:raw_iron_block":1,"minecraft:polished_blackstone_bricks":11,"minecraft:smooth_stone":2,"epicpaladins:moonlight_ore":9,"minecraft:magma_block":2,"minecraft:glowstone":6,"minecraft:iron_ore":16,"minecraft:fire":10,"minecraft:cobbled_deepslate":6,"minecraft:pumpkin":21,"minecraft:deepslate_lapis_ore":5,"minecraft:azure_bluet":3,"minecraft:pointed_dripstone":3,"minecraft:dirt_path":27,"minecraft:oak_stairs":5,"minecraft:iron_bars":3,"minecraft:potted_cornflower":1,"alexscaves:sulfur_bud_large":2,"minecraft:deepslate_redstone_ore":27,"minecraft:blackstone":6,"minecraft:soul_fire":2,"minecraft:torch":17,"minecraft:blast_furnace":1,"minecraft:calcite":1,"minecraft:poppy":8,"minecraft:dead_bush":7,"alexscaves:sulfur_bud_small":1,"minecraft:cobblestone":9,"minecraft:oak_planks":19,"minecraft:sugar_cane":6,"minecraft:wall_torch":10,"minecraft:amethyst_block":3,"minecraft:skeleton_skull":3,"minecraft:warped_planks":2,"evilcraft:dark_ore_deepslate":9,"minecraft:yellow_wool":4,"epicpaladins:deepslate_cryorium_ore":9,"minecraft:wheat":30,"born_in_chaos_v1:fired_black_argillite":1,"minecraft:lilac":1,"minecraft:tnt":1,"minecraft:stone_brick_stairs":3,"minecraft:smooth_stone_slab":1,"minecraft:grass":130,"minecraft:oak_log":85,"minecraft:beetroots":4,"minecraft:sand":60,"minecraft:dirt":233,"alexscaves:unrefined_waste":5,"minecraft:smooth_basalt":2,"minecraft:deepslate":72,"born_in_chaos_v1:infernal_evil_pumpkin_s":1,"minecraft:netherrack":86,"minecraft:oak_leaves":24,"evilcraft:hardened_blood":4,"minecraft:tuff":1,"alexscaves:acidic_radrock":1,"alexscaves:spelunkery_table":2,"minecraft:deepslate_diamond_ore":8,"minecraft:oak_door":1,"alexscaves:radrock":111,"minecraft:lever":1,"minecraft:ladder":1,"minecraft:dark_oak_fence":6,"alexscaves:sulfur_cluster":8,"minecraft:redstone_wire":3,"minecraft:spruce_leaves":8,"epicpaladins:deepslate_arclight_ore":32,"minecraft:large_fern":1,"minecraft:hay_block":14,"evilcraft:sanguinary_pedestal_0":3,"alexscaves:radrock_uranium_ore":42,"minecraft:carrots":22,"minecraft:nether_sprouts":1,"evilcraft:box_of_eternal_closure":1,"minecraft:andesite":3,"evilcraft:dark_ore":3,"minecraft:gold_block":4,"minecraft:peony":9,"minecraft:bookshelf":2,"minecraft:potatoes":6,"minecraft:deepslate_iron_ore":74,"minecraft:cobblestone_slab":3,"minecraft:warped_stem":22,"minecraft:lantern":2,"minecraft:stripped_oak_log":10,"minecraft:stone":157,"minecraft:redstone_block":1,"evilcraft:undead_sapling":1,"minecraft:podzol":3,"minecraft:smithing_table":3,"minecraft:acacia_leaves":3,"minecraft:oak_slab":4,"minecraft:comparator":1,"minecraft:glass_pane":1,"minecraft:soul_sand":25,"epicpaladins:deepslate_bloodstone_ore":19,"quark:oak_chest":5,"minecraft:brown_carpet":14,"minecraft:basalt":5,"minecraft:stone_brick_slab":4,"minecraft:dandelion":34,"travelersbackpack:standard":15,"minecraft:oak_fence":1,"minecraft:crafting_table":13,"minecraft:cornflower":2,"evilcraft:blood_infuser":2,"minecraft:campfire":1,"minecraft:stone_slab":3,"minecraft:tall_grass":18,"minecraft:deepslate_gold_ore":17,"minecraft:warped_wart_block":1,"alexscaves:waste_drum":1,"minecraft:spruce_log":10,"evilcraft:infested_nether_netherrack":1,"minecraft:yellow_bed":5,"minecraft:coal_ore":197,"evilcraft:undead_log":5,"minecraft:gravel":17,"minecraft:cobweb":3,"minecraft:acacia_planks":3,"minecraft:stone_bricks":7}},"DataVersion":3465}