{"stats":{"minecraft:broken":{"minecraft:stone_pickaxe":1,"minecraft:iron_axe":1},"minecraft:used":{"minecraft:iron_sword":63,"minecraft:torch":244,"minecraft:dirt":7,"sanitydim:garland":2,"minecraft:wooden_axe":16,"minecraft:dark_oak_planks":6,"minecraft:lantern":1,"minecraft:iron_axe":121,"minecraft:birch_sapling":2,"minecraft:iron_helmet":1,"minecraft:stone_bricks":2,"minecraft:item_frame":1,"minecraft:golden_sword":5,"minecraft:tall_grass":1,"tombstone:gift":1,"minecraft:egg":1,"minecraft:acacia_planks":27,"minecraft:cooked_mutton":1,"minecraft:stone_pickaxe":127,"minecraft:crafting_table":5,"minecraft:white_bed":6,"minecraft:bread":40,"minecraft:iron_pickaxe":10,"tombstone:magic_scroll":2,"mowziesmobs:sol_visage":1,"minecraft:yellow_wool":4,"minecraft:cobblestone":16,"travelersbackpack:standard":1,"minecraft:white_banner":2,"mowziesmobs:umvuthana_mask_fury":1,"minecraft:chain":1,"quark:oak_chest":4},"minecraft:killed":{"born_in_chaos_v1:zombie_lumberjack":1,"born_in_chaos_v1:restless_spirit":1,"mowziesmobs:umvuthi":1,"minecraft:spider":1,"enemyexpansion:direwolf":1,"minecraft:zoglin":1,"minecraft:zombie_horse":1,"born_in_chaos_v1:maggot":3,"minecraft:skeleton":1,"mowziesmobs:umvuthana_crane":5,"mowziesmobs:umvuthana":3,"born_in_chaos_v1:mr_pumpkin_controlled":1,"enemyexpansion:sprinter":1,"born_in_chaos_v1:decrepit_skeleton":1,"minecraft:pillager":5,"minecraft:zombie":6,"born_in_chaos_v1:corpse_fly":1,"minecraft:ghast":1,"enemyexpansion:wasp":1,"minecraft:cow":4},"minecraft:dropped":{"minecraft:wheat_seeds":3,"minecraft:dirt":2,"minecraft:iron_axe":1,"minecraft:bone":1,"sanitydim:garland":2,"born_in_chaos_v1:dark_rod":1},"minecraft:mined":{"minecraft:white_bed":7,"minecraft:dark_oak_fence":6,"minecraft:acacia_log":26,"minecraft:grass_block":7,"minecraft:oxeye_daisy":3,"minecraft:hay_block":10,"minecraft:fire":3,"minecraft:azure_bluet":2,"minecraft:gold_block":3,"minecraft:cobblestone_slab":1,"minecraft:stone":13,"quark:oak_chest":3,"minecraft:dandelion":14,"travelersbackpack:standard":1,"minecraft:crafting_table":4,"minecraft:cornflower":2,"minecraft:torch":7,"minecraft:stone_slab":2,"minecraft:cobblestone":1,"minecraft:tall_grass":1,"minecraft:sugar_cane":2,"minecraft:skeleton_skull":3,"minecraft:yellow_wool":4,"minecraft:grass":28,"minecraft:coal_ore":100,"minecraft:oak_log":34,"minecraft:dirt":7,"minecraft:acacia_planks":1,"minecraft:stone_bricks":2,"minecraft:oak_leaves":7},"minecraft:crafted":{"minecraft:oak_planks":80,"minecraft:coal":36,"born_in_chaos_v1:dark_charge":4,"sanitydim:garland":2,"minecraft:stone_pickaxe":1,"minecraft:dark_oak_planks":8,"minecraft:wheat":90,"minecraft:crafting_table":3,"minecraft:birch_planks":4,"minecraft:stick":68,"minecraft:iron_pickaxe":1,"minecraft:wooden_axe":1,"minecraft:gold_ingot":18,"minecraft:acacia_planks":32,"minecraft:torch":236},"minecraft:picked_up":{"minecraft:seagrass":3,"minecraft:crafting_table":4,"minecraft:azure_bluet":2,"minecraft:yellow_wool":4,"minecraft:lead":3,"minecraft:stone_slab":2,"minecraft:gold_block":3,"minecraft:turtle_egg":1,"minecraft:chain":1,"minecraft:golden_sword":1,"minecraft:cornflower":2,"minecraft:string":2,"minecraft:iron_axe":1,"minecraft:item_frame":1,"minecraft:experience_bottle":1,"minecraft:beef":11,"minecraft:cobblestone_slab":1,"minecraft:sugar_cane":5,"minecraft:egg":3,"born_in_chaos_v1:shattered_skull":1,"mowziesmobs:sol_visage":1,"minecraft:torch":8,"minecraft:acacia_log":26,"tombstone:grave_dust":2,"born_in_chaos_v1:pieceofdarkmetal":3,"mowziesmobs:umvuthana_mask_faith":6,"minecraft:arrow":3,"minecraft:rotten_flesh":19,"minecraft:hay_block":10,"mowziesmobs:umvuthana_mask_bliss":2,"minecraft:skeleton_skull":3,"minecraft:cobblestone":14,"minecraft:oxeye_daisy":3,"minecraft:birch_log":1,"born_in_chaos_v1:corpse_maggot":3,"mowziesmobs:umvuthana_mask_fury":2,"minecraft:feather":6,"minecraft:glow_ink_sac":1,"minecraft:leather":6,"minecraft:oak_log":29,"minecraft:gunpowder":2,"minecraft:dirt":11,"minecraft:lantern":1,"minecraft:cooked_mutton":2,"minecraft:bone":8,"minecraft:acacia_planks":1,"minecraft:stone_bricks":2,"mowziesmobs:umvuthana_mask_rage":1,"minecraft:wheat_seeds":5,"minecraft:iron_ingot":1,"minecraft:iron_sword":1,"mowziesmobs:umvuthana_mask_misery":1,"born_in_chaos_v1:ethereal_spirit":1,"minecraft:dandelion":13,"born_in_chaos_v1:dark_rod":3,"minecraft:white_bed":7,"quark:oak_chest":3,"travelersbackpack:standard":1,"minecraft:diamond":1,"minecraft:oak_sapling":4,"minecraft:coal":100,"minecraft:dark_oak_fence":6},"minecraft:custom":{"minecraft:mob_kills":45,"minecraft:animals_bred":5,"minecraft:interact_with_crafting_table":10,"minecraft:open_barrel":1,"minecraft:damage_dealt_resisted":697,"minecraft:leave_game":5,"minecraft:time_since_death":89511,"minecraft:climb_one_cm":1068,"minecraft:sprint_one_cm":359535,"minecraft:walk_one_cm":172026,"minecraft:drop":8,"minecraft:play_time":89511,"minecraft:sneak_time":4708,"minecraft:walk_under_water_one_cm":1333,"minecraft:jump":2550,"minecraft:walk_on_water_one_cm":2717,"minecraft:total_world_time":89511,"minecraft:interact_with_furnace":3,"tombstone:raider_killed":5,"minecraft:sleep_in_bed":8,"minecraft:time_since_rest":11263,"minecraft:damage_taken":1246,"minecraft:damage_dealt":7113,"minecraft:swim_one_cm":792,"minecraft:fly_one_cm":652711,"minecraft:open_chest":61,"minecraft:crouch_one_cm":12435,"tombstone:undead_killed":12,"minecraft:fall_one_cm":75928,"minecraft:inspect_dispenser":2}},"DataVersion":3465}