{"stats":{"minecraft:killed":{"minecraft:zombie":3,"born_in_chaos_v1:zombie_lumberjack":1,"born_in_chaos_v1:maggot":1},"minecraft:mined":{"minecraft:white_bed":1,"quark:oak_chest":2,"minecraft:crafting_table":1,"minecraft:grass_block":1,"minecraft:oak_log":5,"minecraft:dirt":2,"minecraft:oak_leaves":1},"minecraft:picked_up":{"minecraft:birch_log":1,"born_in_chaos_v1:corpse_maggot":1,"minecraft:crafting_table":1,"minecraft:white_bed":1,"quark:oak_chest":2,"minecraft:dirt":3,"minecraft:item_frame":1,"minecraft:experience_bottle":1,"minecraft:rotten_flesh":5,"minecraft:iron_ingot":1},"minecraft:used":{"minecraft:iron_axe":22,"minecraft:bread":6,"minecraft:item_frame":1,"minecraft:white_bed":1},"minecraft:crafted":{"minecraft:coal":36,"minecraft:stick":24,"minecraft:birch_planks":4},"minecraft:custom":{"minecraft:time_since_rest":3394,"minecraft:sprint_one_cm":11487,"minecraft:damage_taken":341,"minecraft:walk_one_cm":26081,"minecraft:mob_kills":5,"minecraft:damage_dealt":930,"minecraft:swim_one_cm":272,"minecraft:interact_with_crafting_table":1,"minecraft:fly_one_cm":8108,"minecraft:open_chest":10,"minecraft:crouch_one_cm":103,"minecraft:play_time":9785,"tombstone:undead_killed":4,"minecraft:sneak_time":72,"minecraft:walk_under_water_one_cm":849,"minecraft:jump":73,"minecraft:leave_game":2,"minecraft:time_since_death":9785,"minecraft:walk_on_water_one_cm":397,"minecraft:sleep_in_bed":1,"minecraft:total_world_time":9785,"minecraft:fall_one_cm":627}},"DataVersion":3465}