{"stats":{"minecraft:killed_by":{"quark:forgotten":1,"sanitydim:sneaking_terror":1,"enemyexpansion:invisicreeper":1,"minecraft:player":2},"minecraft:picked_up":{"quark:diamond_heart":1,"alexscaves:waste_drum":2,"minecraft:wheat":23,"alexscaves:radgill":1,"minecraft:flower_pot":4,"minecraft:smithing_table":1,"minecraft:lead":5,"alexscaves:unrefined_waste":1,"minecraft:brewing_stand":1,"minecraft:golden_sword":4,"born_in_chaos_v1:holiday_candy":16,"born_in_chaos_v1:black_argillite":1,"minecraft:string":56,"evilcraft:ender_tear":1,"minecraft:raw_copper":2,"epicpaladins:bloodstone_gem":46,"minecraft:pufferfish":1,"minecraft:beetroot":1,"minecraft:sea_pickle":1,"minecraft:cobbled_deepslate":947,"artifacts:aqua_dashers":1,"minecraft:redstone_torch":3,"minecraft:cobblestone_slab":1,"minecraft:netherite_upgrade_smithing_template":2,"minecraft:mangrove_log":1,"minecraft:furnace":1,"minecraft:stick":17,"born_in_chaos_v1:shattered_skull":1,"epicpaladins:arclight_gem":88,"mowziesmobs:sol_visage":1,"minecraft:oak_fence":2,"born_in_chaos_v1:phantom_powder":1,"minecraft:torch":88,"minecraft:porkchop":10,"minecraft:pointed_dripstone":2,"tombstone:grave_dust":14,"minecraft:diorite":33,"born_in_chaos_v1:nightmare_claw":1,"epicpaladins:moonlight_gem":4,"minecraft:brown_carpet":1,"minecraft:stone_sword":1,"evilcraft:box_of_eternal_closure":4,"minecraft:cactus":20,"epicpaladins:cryorium_gem":66,"quark:clear_shard":7,"minecraft:rotten_flesh":69,"artifacts:villager_hat":1,"securitycraft:reinforced_cobbled_deepslate":1,"minecraft:obsidian":8,"minecraft:cod":7,"minecraft:snowball":3,"minecraft:cobblestone":402,"minecraft:birch_log":8,"evilcraft:vengeance_pickaxe":1,"minecraft:feather":13,"born_in_chaos_v1:spiritual_dust":3,"minecraft:andesite":6,"minecraft:potato":1,"minecraft:flint":3,"minecraft:tuff":133,"evilcraft:flesh_humanoid":1,"minecraft:lapis_lazuli":214,"minecraft:dirt":561,"born_in_chaos_v1:nightmare_stalker_skull":1,"minecraft:lantern":6,"born_in_chaos_v1:monster_skin":1,"born_in_chaos_v1:marigolds":1,"minecraft:bone":45,"minecraft:acacia_planks":5,"minecraft:bow":6,"minecraft:wheat_seeds":183,"minecraft:raw_gold":141,"minecraft:bamboo":1,"minecraft:oak_planks":71,"minecraft:music_disc_13":1,"travelersbackpack:squid":1,"artifacts:rooted_boots":1,"alexscaves:uranium":128,"minecraft:sand":34,"minecraft:lily_of_the_valley":1,"minecraft:dead_bush":1,"securitycraft:universal_block_remover":1,"alexscaves:radon_bottle":1,"minecraft:bundle":2,"minecraft:iron_hoe":1,"minecraft:blue_terracotta":2,"born_in_chaos_v1:fire_dust":3,"minecraft:diamond":22,"minecraft:black_concrete":13,"minecraft:crossbow":1,"minecraft:granite":37,"minecraft:emerald":4,"minecraft:bread":6,"minecraft:oak_sapling":58,"born_in_chaos_v1:rotten_fish":10,"minecraft:netherrack":46,"epicpaladins:angel_sword":1,"minecraft:dark_oak_fence":2,"minecraft:fishing_rod":1,"minecraft:crafting_table":2,"born_in_chaos_v1:diamond_termite_shard":9,"minecraft:azure_bluet":4,"minecraft:nether_wart":2,"born_in_chaos_v1:river_mint":2,"born_in_chaos_v1:seedof_chaos":3,"minecraft:stone_brick_wall":19,"minecraft:gold_block":2,"born_in_chaos_v1:fired_black_argillite":1,"minecraft:cornflower":1,"minecraft:iron_axe":2,"born_in_chaos_v1:intoxicating_decoction":2,"minecraft:item_frame":2,"minecraft:iron_shovel":1,"minecraft:beef":20,"minecraft:poppy":2,"securitycraft:reinforced_grass_path":15,"minecraft:sugar_cane":254,"minecraft:egg":9,"minecraft:raw_iron":331,"minecraft:sandstone":1,"alexscaves:geothermal_vent":1,"born_in_chaos_v1:pieceofdarkmetal":10,"minecraft:carrot":157,"minecraft:redstone":38,"minecraft:stone_pressure_plate":2,"travelersbackpack:hose":3,"mowziesmobs:umvuthana_mask_faith":2,"minecraft:tube_coral":1,"minecraft:arrow":27,"minecraft:beetroot_seeds":16,"minecraft:hay_block":38,"securitycraft:reinforced_stone_bricks":6,"mowziesmobs:umvuthana_mask_bliss":1,"born_in_chaos_v1:spiny_shell":20,"minecraft:gold_ingot":5,"minecraft:mutton":3,"minecraft:skeleton_skull":12,"minecraft:white_wool":3,"born_in_chaos_v1:corpse_maggot":27,"mowziesmobs:umvuthana_mask_fury":1,"born_in_chaos_v1:monster_flesh":2,"alexscaves:sulfur_dust":35,"born_in_chaos_v1:pumpkin_staff":2,"minecraft:glow_ink_sac":1,"minecraft:salmon":2,"minecraft:leather":17,"minecraft:cut_sandstone":1,"born_in_chaos_v1:shell_mace":1,"artifacts:onion_ring":1,"minecraft:oak_log":255,"minecraft:gunpowder":41,"alexscaves:charred_remnant":1,"sanitydim:garland":2,"minecraft:cooked_mutton":7,"minecraft:smooth_sandstone":2,"born_in_chaos_v1:soul_cutlass":1,"minecraft:apple":4,"minecraft:stone_bricks":3,"mowziesmobs:umvuthana_mask_rage":1,"minecraft:red_sandstone":8,"minecraft:iron_ingot":5,"alexscaves:radrock":12,"securitycraft:universal_block_reinforcer_lvl1":1,"tombstone:bag_of_seeds":1,"mowziesmobs:umvuthana_mask_misery":3,"minecraft:green_dye":1,"minecraft:book":78,"artifacts:obsidian_skull":1,"minecraft:smooth_basalt":1,"born_in_chaos_v1:death_totem":1,"minecraft:pumpkin":125,"minecraft:sweet_berries":2,"born_in_chaos_v1:orbofthe_summoner":1,"born_in_chaos_v1:ethereal_spirit":1,"minecraft:dandelion":18,"minecraft:dripstone_block":1,"minecraft:gravel":18,"minecraft:lava_bucket":1,"born_in_chaos_v1:dark_rod":3,"minecraft:white_bed":3,"minecraft:spider_eye":12,"quark:oak_chest":1,"travelersbackpack:standard":2,"minecraft:pumpkin_seeds":92,"minecraft:slime_ball":2,"evilcraft:dark_gem":142,"minecraft:iron_helmet":1,"tombstone:magic_scroll":4,"minecraft:coal":151,"minecraft:sunflower":1,"minecraft:ender_pearl":4},"minecraft:dropped":{"minecraft:porkchop":9,"minecraft:warped_fungus":1,"minecraft:glass_bottle":5,"minecraft:diamond":7,"mowziesmobs:umvuthana_mask_faith":2,"born_in_chaos_v1:pieceofdarkmetal":3,"travelersbackpack:standard":1,"minecraft:item_frame":1,"minecraft:music_disc_13":1,"born_in_chaos_v1:monster_flesh":1,"mowziesmobs:umvuthana_mask_bliss":1,"born_in_chaos_v1:death_totem":1,"minecraft:fishing_rod":1,"mowziesmobs:umvuthana_mask_rage":1,"minecraft:cobbled_deepslate":5,"minecraft:wheat":3,"minecraft:beetroot":1,"minecraft:rotten_flesh":5,"minecraft:oak_planks":49,"minecraft:cooked_mutton":9,"minecraft:azure_bluet":2,"minecraft:white_bed":1,"evilcraft:flesh_humanoid":1,"minecraft:beetroot_seeds":2,"born_in_chaos_v1:corpse_maggot":2,"minecraft:netherrack":1,"born_in_chaos_v1:dark_rod":1,"minecraft:egg":1,"minecraft:bread":21,"born_in_chaos_v1:shattered_skull":1,"minecraft:wheat_seeds":164,"minecraft:iron_helmet":2,"minecraft:cobblestone":6,"minecraft:lead":2,"minecraft:coal":23,"minecraft:stick":3,"born_in_chaos_v1:pumpkin_staff":1,"mca:book_romance":1,"born_in_chaos_v1:river_mint":2,"artifacts:obsidian_skull":1,"minecraft:melon_slice":2,"epicpaladins:angel_sword":1,"alexscaves:unrefined_waste":1,"minecraft:iron_axe":1,"artifacts:rooted_boots":1,"born_in_chaos_v1:shell_mace":1,"minecraft:nether_wart":2,"minecraft:stone_sword":2,"minecraft:tuff":1,"born_in_chaos_v1:rotten_fish":2,"minecraft:pumpkin_seeds":61,"minecraft:lily_of_the_valley":1,"minecraft:filled_map":1,"securitycraft:universal_block_remover":1,"minecraft:potato":1,"securitycraft:reinforced_grass_path":5,"minecraft:flower_pot":1,"minecraft:allium":2,"mowziesmobs:umvuthana_mask_misery":2,"minecraft:iron_chestplate":1,"evilcraft:ender_tear":1,"sanitydim:garland":2,"minecraft:oak_sapling":1,"minecraft:golden_sword":3,"artifacts:onion_ring":1,"minecraft:brown_carpet":1,"minecraft:bow":2,"minecraft:stone_pickaxe":1,"minecraft:wooden_pickaxe":1,"securitycraft:universal_block_reinforcer_lvl1":1,"travelersbackpack:hose":3},"minecraft:crafted":{"epicpaladins:arclight_sword":1,"minecraft:oak_planks":676,"minecraft:cobblestone_slab":6,"travelersbackpack:crafting_upgrade":1,"born_in_chaos_v1:death_totem":1,"travelersbackpack:hose_nozzle":1,"born_in_chaos_v1:spiny_shell_armor_chestplate":1,"travelersbackpack:enderman":3,"minecraft:bookshelf":21,"minecraft:cooked_mutton":3,"minecraft:green_dye":7,"minecraft:glass":27,"epicpaladins:angel_sword":1,"minecraft:iron_boots":2,"minecraft:netherite_upgrade_smithing_template":2,"minecraft:oak_fence":39,"minecraft:crafting_table":6,"minecraft:spruce_planks":20,"travelersbackpack:standard":2,"minecraft:wooden_pickaxe":1,"minecraft:iron_helmet":1,"minecraft:birch_planks":28,"minecraft:pumpkin_seeds":384,"travelersbackpack:red_sleeping_bag":1,"minecraft:iron_chestplate":1,"minecraft:diamond_pickaxe":1,"minecraft:shield":1,"minecraft:stick":432,"quark:oak_chest":16,"minecraft:iron_ingot":157,"minecraft:iron_pickaxe":4,"minecraft:stone_sword":1,"minecraft:gold_ingot":99,"quark:pickarang":1,"minecraft:golden_carrot":94,"minecraft:fishing_rod":1,"minecraft:furnace":4,"minecraft:bone_meal":45,"sanitydim:garland":2,"travelersbackpack:gold_tier_upgrade":1,"travelersbackpack:blank_upgrade":4,"born_in_chaos_v1:spiny_shell_armor_helmet":1,"born_in_chaos_v1:scorched_log":6,"born_in_chaos_v1:pieceofdarkmetal":9,"minecraft:diamond":1,"epicpaladins:arclight_template":2,"travelersbackpack:white_sleeping_bag":1,"born_in_chaos_v1:bone_handle":2,"minecraft:iron_axe":2,"minecraft:stone_pickaxe":1,"quark:spruce_chest":2,"minecraft:lead":4,"minecraft:wheat":336,"travelersbackpack:hose":1,"minecraft:cooked_beef":14,"minecraft:red_dye":1,"travelersbackpack:backpack_tank":4,"minecraft:iron_sword":1,"minecraft:stripped_oak_wood":3,"minecraft:bucket":1,"minecraft:stone_axe":1,"minecraft:bread":116,"born_in_chaos_v1:shell_mace":1,"minecraft:air":0,"minecraft:oak_fence_gate":1,"minecraft:gold_nugget":819,"minecraft:iron_shovel":1,"minecraft:iron_leggings":2,"minecraft:torch":830,"mca:wedding_ring":1},"minecraft:broken":{"minecraft:iron_shovel":1,"minecraft:iron_boots":1,"minecraft:iron_leggings":1,"sanitydim:garland":2,"born_in_chaos_v1:spiny_shell_armor_helmet":1,"minecraft:golden_sword":1,"minecraft:iron_pickaxe":5},"minecraft:killed":{"born_in_chaos_v1:zombie_clown":1,"minecraft:cave_spider":4,"born_in_chaos_v1:mr_pumpkin":12,"born_in_chaos_v1:zombie_lumberjack":1,"mowziesmobs:umvuthi":1,"minecraft:spider":18,"enemyexpansion:equestrian":1,"born_in_chaos_v1:siamese_skeletonsright":1,"born_in_chaos_v1:baby_skeleton_minion":1,"quark:forgotten":2,"minecraft:skeleton":13,"alexscaves:radgill":3,"mowziesmobs:umvuthana_crane":2,"born_in_chaos_v1:skeleton_thrasher":1,"minecraft:silverfish":2,"minecraft:piglin_brute":1,"enemyexpansion:vampflyer":4,"artifacts:mimic":1,"minecraft:piglin":10,"born_in_chaos_v1:bonescaller":2,"minecraft:pig":2,"alexscaves:gammaroach":1,"quark:stoneling":1,"born_in_chaos_v1:diamond_termite":5,"minecraft:zombie_villager":1,"minecraft:creeper":5,"minecraft:sheep":3,"born_in_chaos_v1:zombie_fisherman":2,"minecraft:pillager":3,"enemyexpansion:meature":1,"minecraft:zombie":31,"born_in_chaos_v1:dread_hound":2,"enemyexpansion:vampire":4,"born_in_chaos_v1:corpse_fly":15,"minecraft:ghast":3,"born_in_chaos_v1:door_knight":1,"mowziesmobs:umvuthana_raptor":1,"minecraft:cow":8,"enemyexpansion:trollenraged":2,"alexscaves:brainiac":2,"enemyexpansion:intruder":1,"sanitydim:rotting_stalker":4,"quark:toretoise":1,"enemyexpansion:direwolf":14,"born_in_chaos_v1:thornshell_crab":4,"minecraft:zoglin":1,"born_in_chaos_v1:zombie_bruiser":1,"alexscaves:nucleeper":1,"born_in_chaos_v1:maggot":25,"minecraft:horse":1,"enemyexpansion:faller":2,"enemyexpansion:silverqueen":1,"mowziesmobs:umvuthana":3,"born_in_chaos_v1:mr_pumpkin_controlled":2,"born_in_chaos_v1:barrel_zombie":2,"born_in_chaos_v1:felsteed":2,"born_in_chaos_v1:baby_skeleton":1,"born_in_chaos_v1:swarmer":2,"minecraft:bat":1,"enemyexpansion:sprinter":6,"mowziesmobs:umvuthana_follower_raptor":8,"born_in_chaos_v1:decrepit_skeleton":8,"born_in_chaos_v1:phantom_creeper_copy":1,"born_in_chaos_v1:bloody_gadfly":2,"enemyexpansion:huntsman":1,"born_in_chaos_v1:dark_vortex":1,"born_in_chaos_v1:nightmare_stalker":1,"mca:female_villager":1,"minecraft:enderman":4,"enemyexpansion:slugger":3},"minecraft:used":{"minecraft:iron_shovel":558,"born_in_chaos_v1:intoxicating_decoction":1,"minecraft:shield":24,"minecraft:iron_sword":146,"minecraft:iron_chestplate":2,"sanitydim:garland":3,"minecraft:carrot":46,"born_in_chaos_v1:soul_cutlass":95,"minecraft:tuff":39,"minecraft:obsidian":8,"epicpaladins:arclight_sword":30,"minecraft:glass":3,"born_in_chaos_v1:corpse_maggot":2,"minecraft:lava_bucket":1,"born_in_chaos_v1:spiny_shell_armor_chestplate":1,"minecraft:iron_helmet":1,"minecraft:stone_bricks":3,"minecraft:item_frame":1,"minecraft:golden_sword":28,"minecraft:sweet_berries":1,"minecraft:oak_sapling":29,"minecraft:furnace":3,"minecraft:egg":4,"travelersbackpack:enderman":12,"born_in_chaos_v1:spiny_shell_armor_helmet":2,"mowziesmobs:foliaath_seed":3,"minecraft:diorite":3,"securitycraft:reinforced_grass_path":4,"minecraft:stone_pickaxe":125,"minecraft:oak_planks":35,"minecraft:wooden_pickaxe":3,"minecraft:sugar_cane":104,"minecraft:golden_apple":2,"securitycraft:universal_block_remover":4,"born_in_chaos_v1:holiday_candy":10,"minecraft:pumpkin_seeds":17,"minecraft:redstone_torch":1,"minecraft:firework_rocket":1,"born_in_chaos_v1:pumpkin_staff":9,"minecraft:bread":118,"minecraft:gravel":15,"born_in_chaos_v1:rotten_fish":1,"minecraft:smithing_table":1,"minecraft:andesite":1,"epicpaladins:angel_sword":424,"minecraft:bone_meal":17,"minecraft:oak_fence":40,"minecraft:stone_sword":130,"minecraft:flint_and_steel":1,"evilcraft:vengeance_pickaxe":83,"born_in_chaos_v1:shell_mace":184,"minecraft:netherrack":19,"minecraft:torch":1041,"minecraft:dirt":172,"minecraft:granite":1,"artifacts:onion_ring":2,"minecraft:oak_fence_gate":1,"minecraft:iron_hoe":18,"quark:spruce_chest":2,"minecraft:iron_axe":481,"minecraft:iron_boots":1,"evilcraft:box_of_eternal_closure":5,"evilcraft:flesh_humanoid":1,"minecraft:golden_carrot":61,"minecraft:beef":6,"travelersbackpack:hose":145,"tombstone:gift":5,"minecraft:cooked_beef":14,"minecraft:cobbled_deepslate":109,"minecraft:iron_leggings":1,"minecraft:cooked_mutton":1,"minecraft:water_bucket":3,"minecraft:bundle":1,"minecraft:cobblestone_slab":4,"minecraft:crafting_table":6,"minecraft:white_bed":2,"minecraft:diamond_pickaxe":1092,"minecraft:apple":1,"tombstone:bag_of_seeds":1,"quark:pickarang":86,"minecraft:iron_pickaxe":1348,"tombstone:magic_scroll":1,"mowziesmobs:sol_visage":1,"minecraft:stone_axe":4,"minecraft:fishing_rod":10,"travelersbackpack:standard":37,"minecraft:cobblestone":85,"minecraft:bucket":9,"quark:oak_chest":12,"minecraft:sea_pickle":1},"minecraft:custom":{"minecraft:animals_bred":7,"minecraft:interact_with_crafting_table":64,"minecraft:open_barrel":71,"minecraft:leave_game":9,"minecraft:time_since_death":25932,"minecraft:damage_resisted":72,"minecraft:sprint_one_cm":2632687,"minecraft:damage_blocked_by_shield":955,"minecraft:drop":130,"minecraft:talked_to_villager":1,"minecraft:play_time":922972,"minecraft:deaths":5,"minecraft:jump":12005,"minecraft:interact_with_brewingstand":5,"minecraft:walk_on_water_one_cm":64378,"minecraft:interact_with_furnace":70,"minecraft:sleep_in_bed":43,"tombstone:sneak_grave":10,"minecraft:damage_dealt":60336,"minecraft:player_kills":2,"minecraft:crouch_one_cm":99645,"tombstone:undead_killed":94,"tombstone:villager_killed":1,"minecraft:interact_with_smoker":4,"minecraft:inspect_dispenser":2,"minecraft:interact_with_smithing_table":10,"minecraft:mob_kills":326,"minecraft:damage_dealt_resisted":3518,"minecraft:climb_one_cm":5595,"minecraft:walk_one_cm":2605869,"minecraft:sneak_time":38232,"minecraft:walk_under_water_one_cm":31009,"minecraft:interact_with_blast_furnace":2,"minecraft:total_world_time":922972,"tombstone:raider_killed":3,"minecraft:raid_trigger":1,"minecraft:time_since_rest":11540,"minecraft:damage_absorbed":79,"minecraft:damage_taken":9927,"minecraft:trigger_trapped_chest":4,"minecraft:swim_one_cm":121319,"minecraft:fly_one_cm":2514363,"minecraft:open_chest":532,"minecraft:fish_caught":9,"minecraft:fall_one_cm":268505},"minecraft:mined":{"minecraft:stone_pressure_plate":2,"minecraft:white_bed":3,"minecraft:oak_sapling":1,"alexscaves:geothermal_vent_medium":1,"epicpaladins:cryorium_ore":11,"minecraft:brewing_stand":1,"minecraft:obsidian":8,"minecraft:stone_brick_wall":19,"minecraft:granite":40,"travelersbackpack:red_sleeping_bag":2,"alexscaves:geothermal_vent":1,"minecraft:grass_block":364,"born_in_chaos_v1:dark_metal_deposit":4,"minecraft:oak_wall_sign":1,"minecraft:spawner":2,"epicpaladins:moonlight_ore":4,"minecraft:iron_ore":119,"minecraft:fire":10,"minecraft:cobbled_deepslate":11,"minecraft:pumpkin":113,"minecraft:deepslate_lapis_ore":19,"minecraft:azure_bluet":2,"minecraft:pointed_dripstone":2,"minecraft:dirt_path":4,"alexscaves:sulfur_bud_large":1,"minecraft:deepslate_redstone_ore":7,"minecraft:cut_sandstone":1,"minecraft:orange_terracotta":2,"minecraft:torch":16,"born_in_chaos_v1:infected_deepslate_diamond_ore":7,"minecraft:poppy":2,"minecraft:dead_bush":2,"minecraft:glass":3,"minecraft:cobblestone":8,"minecraft:oak_planks":22,"minecraft:sugar_cane":137,"minecraft:wall_torch":14,"minecraft:skeleton_skull":12,"minecraft:warped_nylium":14,"minecraft:blue_terracotta":2,"evilcraft:dark_ore_deepslate":24,"minecraft:birch_log":10,"epicpaladins:deepslate_cryorium_ore":58,"minecraft:wheat":2,"born_in_chaos_v1:fired_black_argillite":1,"born_in_chaos_v1:river_mint":2,"minecraft:tnt":1,"minecraft:grass":135,"minecraft:oak_log":257,"minecraft:sand":49,"minecraft:dirt":218,"alexscaves:unrefined_waste":3,"born_in_chaos_v1:infernal_evil_pumpkin_s":1,"minecraft:deepslate":924,"minecraft:netherrack":33,"minecraft:oak_leaves":64,"epicpaladins:arclight_ore":30,"minecraft:tuff":135,"minecraft:deepslate_diamond_ore":22,"alexscaves:radrock":20,"minecraft:dark_oak_fence":2,"alexscaves:sulfur_cluster":7,"born_in_chaos_v1:black_argillite":3,"alexscaves:sulfur_bud_medium":1,"minecraft:acacia_slab":1,"minecraft:spruce_leaves":5,"minecraft:sandstone":17,"minecraft:potted_bamboo":1,"epicpaladins:deepslate_arclight_ore":51,"minecraft:large_fern":1,"minecraft:hay_block":38,"alexscaves:radrock_uranium_ore":46,"minecraft:redstone_ore":1,"minecraft:carrots":12,"minecraft:furnace":2,"minecraft:red_sandstone":10,"minecraft:snow":4,"evilcraft:box_of_eternal_closure":1,"minecraft:andesite":10,"minecraft:black_concrete":13,"evilcraft:dark_ore":6,"minecraft:gold_block":2,"minecraft:bookshelf":26,"minecraft:deepslate_iron_ore":150,"minecraft:cobblestone_slab":1,"minecraft:rail":1,"minecraft:stone":400,"minecraft:podzol":1,"minecraft:smithing_table":1,"minecraft:glass_pane":3,"born_in_chaos_v1:marigolds":1,"epicpaladins:deepslate_bloodstone_ore":36,"quark:oak_chest":1,"minecraft:lily_of_the_valley":1,"minecraft:dandelion":17,"minecraft:oak_fence":2,"travelersbackpack:standard":1,"minecraft:smooth_sandstone":2,"minecraft:crafting_table":2,"minecraft:cornflower":1,"minecraft:stone_slab":1,"minecraft:copper_ore":1,"minecraft:tall_grass":33,"minecraft:lapis_ore":16,"minecraft:deepslate_gold_ore":111,"minecraft:diorite":32,"minecraft:cactus":14,"epicpaladins:bloodstone_ore":8,"minecraft:redstone_torch":2,"alexscaves:waste_drum":1,"minecraft:coal_ore":150,"quark:monster_box":1,"evilcraft:blood_stain":1,"minecraft:flower_pot":2,"minecraft:gravel":21,"minecraft:sunflower":1,"minecraft:dripstone_block":1,"minecraft:cobweb":48,"minecraft:acacia_planks":5,"minecraft:stone_bricks":3,"minecraft:gold_ore":22}},"DataVersion":3465}