{"stats":{"minecraft:custom":{"minecraft:interact_with_furnace":2,"minecraft:mob_kills":17,"tombstone:raider_killed":1,"minecraft:interact_with_crafting_table":5,"minecraft:open_barrel":4,"minecraft:raid_trigger":1,"minecraft:damage_dealt_resisted":490,"minecraft:leave_game":2,"minecraft:time_since_death":41120,"minecraft:sleep_in_bed":3,"minecraft:time_since_rest":10049,"minecraft:sprint_one_cm":219950,"minecraft:damage_taken":777,"minecraft:walk_one_cm":176277,"minecraft:drop":10,"minecraft:damage_dealt":3982,"minecraft:swim_one_cm":8033,"minecraft:talked_to_villager":1,"minecraft:fly_one_cm":275774,"minecraft:open_chest":22,"minecraft:deaths":1,"minecraft:crouch_one_cm":6378,"minecraft:play_time":58481,"tombstone:undead_killed":2,"minecraft:sneak_time":1580,"minecraft:walk_under_water_one_cm":8229,"minecraft:jump":1128,"minecraft:walk_on_water_one_cm":5042,"minecraft:total_world_time":58481,"minecraft:fall_one_cm":32641},"minecraft:picked_up":{"minecraft:crafting_table":2,"born_in_chaos_v1:river_mint":2,"minecraft:oak_log":29,"minecraft:dirt":1,"minecraft:item_frame":1,"minecraft:iron_shovel":1,"minecraft:acacia_planks":1,"minecraft:apple":1,"minecraft:bow":1,"minecraft:wheat_seeds":1,"minecraft:iron_ingot":3,"minecraft:oak_planks":1,"minecraft:mangrove_log":1,"minecraft:stick":6,"minecraft:raw_iron":11,"minecraft:oak_fence":1,"minecraft:torch":4,"tombstone:grave_dust":2,"minecraft:brown_carpet":1,"minecraft:stone_sword":1,"minecraft:iron_hoe":1,"minecraft:arrow":1,"minecraft:rotten_flesh":2,"born_in_chaos_v1:fire_dust":2,"evilcraft:dark_gem":4,"minecraft:hay_block":38,"minecraft:emerald":3,"minecraft:oak_sapling":26,"minecraft:mutton":3,"minecraft:white_wool":3,"minecraft:coal":47,"minecraft:cobblestone":22},"minecraft:mined":{"minecraft:oak_fence":1,"minecraft:crafting_table":2,"minecraft:torch":1,"minecraft:grass_block":8,"minecraft:stone_slab":1,"minecraft:tall_grass":4,"minecraft:acacia_slab":1,"minecraft:oak_planks":1,"minecraft:wall_torch":1,"minecraft:hay_block":38,"minecraft:iron_ore":12,"minecraft:fire":5,"born_in_chaos_v1:river_mint":2,"evilcraft:dark_ore":1,"minecraft:grass":16,"minecraft:oak_log":28,"minecraft:coal_ore":47,"minecraft:sand":15,"minecraft:dirt":6,"minecraft:acacia_planks":1,"minecraft:stone":28},"minecraft:dropped":{"minecraft:wheat_seeds":1,"minecraft:stone_sword":1,"minecraft:glass_bottle":5,"minecraft:rotten_flesh":2,"minecraft:item_frame":1,"minecraft:filled_map":1,"born_in_chaos_v1:river_mint":2,"minecraft:brown_carpet":1,"minecraft:wooden_pickaxe":1},"minecraft:crafted":{"minecraft:oak_planks":24,"minecraft:crafting_table":1,"minecraft:wooden_pickaxe":1,"minecraft:stone_axe":1,"minecraft:bread":21,"minecraft:stick":8,"minecraft:stone_pickaxe":1,"minecraft:stone_sword":1,"minecraft:torch":28,"minecraft:wheat":72},"minecraft:killed":{"born_in_chaos_v1:felsteed":1,"born_in_chaos_v1:mr_pumpkin":9,"born_in_chaos_v1:zombie_lumberjack":1,"enemyexpansion:equestrian":1,"minecraft:sheep":3,"minecraft:pillager":1},"minecraft:killed_by":{"sanitydim:sneaking_terror":1},"minecraft:used":{"minecraft:stone_sword":130,"minecraft:iron_shovel":27,"minecraft:stone_pickaxe":90,"minecraft:oak_planks":13,"minecraft:wooden_pickaxe":3,"minecraft:iron_chestplate":1,"minecraft:torch":29,"minecraft:dirt":1,"minecraft:crafting_table":3,"minecraft:apple":1,"minecraft:bread":16,"minecraft:iron_helmet":1,"minecraft:iron_boots":1,"minecraft:stone_axe":4,"minecraft:cobblestone":14,"tombstone:gift":1,"minecraft:iron_leggings":1}},"DataVersion":3465}