{"stats":{"minecraft:custom":{"minecraft:open_chest":1,"minecraft:time_since_rest":10481,"minecraft:crouch_one_cm":39,"minecraft:play_time":10481,"minecraft:interact_with_furnace":1,"minecraft:sprint_one_cm":24855,"minecraft:walk_one_cm":18974,"minecraft:sneak_time":4,"minecraft:walk_under_water_one_cm":1745,"minecraft:jump":64,"minecraft:leave_game":2,"minecraft:time_since_death":10481,"minecraft:walk_on_water_one_cm":602,"minecraft:total_world_time":10481,"minecraft:interact_with_crafting_table":3,"minecraft:fall_one_cm":1997,"minecraft:fly_one_cm":15794},"minecraft:picked_up":{"minecraft:crafting_table":2,"minecraft:stick":6,"minecraft:arrow":1,"minecraft:apple":1,"minecraft:hay_block":19,"minecraft:oak_log":21,"minecraft:emerald":1,"minecraft:oak_sapling":15,"minecraft:cobblestone":12},"minecraft:mined":{"minecraft:hay_block":19,"minecraft:oak_log":21,"minecraft:stone":12,"minecraft:crafting_table":2,"minecraft:grass":2},"minecraft:crafted":{"minecraft:stone_sword":1,"minecraft:oak_planks":24,"minecraft:stone_axe":1,"minecraft:crafting_table":1,"minecraft:stick":8,"minecraft:stone_pickaxe":1,"minecraft:wooden_pickaxe":1,"minecraft:wheat":72},"minecraft:used":{"minecraft:stone_axe":2,"minecraft:crafting_table":2,"minecraft:stone_pickaxe":9,"minecraft:wooden_pickaxe":3}},"DataVersion":3465}