{"stats":{"minecraft:custom":{"minecraft:interact_with_smithing_table":3,"minecraft:mob_kills":22,"minecraft:interact_with_crafting_table":23,"minecraft:open_barrel":4,"minecraft:damage_dealt_resisted":490,"minecraft:leave_game":2,"minecraft:time_since_death":89120,"minecraft:climb_one_cm":57,"minecraft:sprint_one_cm":332837,"minecraft:walk_one_cm":255509,"minecraft:drop":27,"minecraft:talked_to_villager":1,"minecraft:play_time":106481,"minecraft:deaths":1,"minecraft:sneak_time":1628,"minecraft:walk_under_water_one_cm":8677,"minecraft:jump":1746,"minecraft:walk_on_water_one_cm":6161,"minecraft:total_world_time":106481,"minecraft:interact_with_furnace":19,"tombstone:raider_killed":1,"minecraft:raid_trigger":1,"minecraft:sleep_in_bed":6,"minecraft:time_since_rest":14884,"minecraft:damage_taken":1013,"minecraft:damage_dealt":4669,"minecraft:swim_one_cm":11891,"minecraft:fly_one_cm":460746,"minecraft:open_chest":48,"minecraft:crouch_one_cm":6378,"tombstone:undead_killed":2,"minecraft:fall_one_cm":49672},"minecraft:picked_up":{"minecraft:crafting_table":2,"born_in_chaos_v1:river_mint":2,"minecraft:flower_pot":2,"minecraft:stone_brick_wall":19,"minecraft:item_frame":1,"minecraft:iron_shovel":1,"minecraft:beef":14,"minecraft:poppy":1,"minecraft:mangrove_log":1,"minecraft:egg":1,"minecraft:stick":8,"minecraft:raw_iron":11,"minecraft:oak_fence":1,"minecraft:torch":4,"tombstone:grave_dust":2,"minecraft:brown_carpet":1,"minecraft:cactus":1,"minecraft:stone_sword":1,"minecraft:arrow":1,"minecraft:rotten_flesh":2,"minecraft:hay_block":38,"minecraft:mutton":3,"minecraft:white_wool":3,"minecraft:cobblestone":60,"minecraft:leather":11,"minecraft:oak_log":29,"minecraft:dirt":1,"minecraft:acacia_planks":1,"minecraft:apple":1,"minecraft:stone_bricks":3,"minecraft:bow":3,"minecraft:wheat_seeds":3,"minecraft:raw_gold":7,"minecraft:iron_ingot":3,"minecraft:bamboo":1,"minecraft:oak_planks":50,"artifacts:rooted_boots":1,"minecraft:sand":27,"minecraft:white_bed":2,"quark:oak_chest":1,"minecraft:iron_hoe":1,"travelersbackpack:standard":1,"born_in_chaos_v1:fire_dust":2,"evilcraft:dark_gem":4,"minecraft:iron_helmet":1,"minecraft:emerald":3,"minecraft:oak_sapling":26,"minecraft:coal":47},"minecraft:dropped":{"minecraft:wheat_seeds":1,"minecraft:glass_bottle":5,"minecraft:iron_helmet":1,"travelersbackpack:standard":1,"minecraft:item_frame":1,"minecraft:stick":3,"mca:book_romance":1,"born_in_chaos_v1:river_mint":2,"minecraft:melon_slice":2,"artifacts:rooted_boots":1,"minecraft:stone_sword":2,"minecraft:rotten_flesh":2,"minecraft:oak_planks":49,"minecraft:white_bed":1,"minecraft:filled_map":1,"minecraft:flower_pot":1,"minecraft:brown_carpet":1,"minecraft:bow":2,"minecraft:stone_pickaxe":1,"minecraft:wooden_pickaxe":1},"minecraft:mined":{"minecraft:white_bed":1,"minecraft:grass_block":8,"minecraft:stone_brick_wall":19,"minecraft:acacia_slab":1,"minecraft:potted_bamboo":1,"minecraft:hay_block":38,"minecraft:iron_ore":12,"minecraft:fire":5,"evilcraft:dark_ore":1,"minecraft:stone":63,"minecraft:glass_pane":2,"quark:oak_chest":1,"minecraft:oak_fence":1,"minecraft:crafting_table":2,"minecraft:torch":1,"minecraft:poppy":1,"minecraft:stone_slab":1,"minecraft:tall_grass":5,"minecraft:oak_planks":1,"minecraft:wall_torch":1,"minecraft:cactus":1,"born_in_chaos_v1:river_mint":2,"minecraft:grass":17,"minecraft:coal_ore":47,"minecraft:oak_log":28,"minecraft:dirt":6,"minecraft:sand":42,"minecraft:acacia_planks":1,"minecraft:stone_bricks":3,"minecraft:gold_ore":7,"minecraft:oak_leaves":1},"minecraft:crafted":{"minecraft:oak_planks":128,"travelersbackpack:crafting_upgrade":1,"travelersbackpack:hose_nozzle":1,"minecraft:furnace":2,"travelersbackpack:blank_upgrade":4,"minecraft:glass":27,"travelersbackpack:white_sleeping_bag":1,"minecraft:stone_pickaxe":1,"minecraft:wheat":72,"minecraft:red_dye":1,"minecraft:crafting_table":4,"travelersbackpack:backpack_tank":4,"minecraft:wooden_pickaxe":1,"travelersbackpack:standard":2,"minecraft:iron_sword":1,"minecraft:stripped_oak_wood":3,"minecraft:bucket":1,"minecraft:stone_axe":1,"minecraft:bread":21,"minecraft:air":0,"travelersbackpack:red_sleeping_bag":1,"minecraft:shield":1,"minecraft:stick":16,"quark:oak_chest":9,"minecraft:iron_ingot":11,"minecraft:iron_pickaxe":1,"minecraft:stone_sword":1,"minecraft:torch":44},"minecraft:killed":{"born_in_chaos_v1:mr_pumpkin":9,"born_in_chaos_v1:zombie_lumberjack":1,"enemyexpansion:equestrian":1,"minecraft:horse":1,"born_in_chaos_v1:felsteed":1,"minecraft:sheep":3,"minecraft:pillager":1,"minecraft:cow":4},"minecraft:killed_by":{"sanitydim:sneaking_terror":1},"minecraft:used":{"minecraft:stone_sword":130,"minecraft:iron_shovel":54,"minecraft:iron_sword":2,"minecraft:iron_chestplate":1,"minecraft:torch":29,"minecraft:dirt":1,"minecraft:iron_helmet":1,"minecraft:iron_boots":1,"minecraft:stone_bricks":3,"minecraft:golden_sword":18,"minecraft:furnace":1,"tombstone:gift":1,"minecraft:egg":1,"minecraft:iron_leggings":1,"minecraft:water_bucket":2,"minecraft:stone_pickaxe":125,"minecraft:oak_planks":13,"minecraft:wooden_pickaxe":3,"minecraft:crafting_table":5,"minecraft:white_bed":1,"minecraft:apple":1,"minecraft:bread":25,"minecraft:iron_pickaxe":31,"minecraft:stone_axe":4,"minecraft:cobblestone":14,"travelersbackpack:standard":9,"minecraft:bucket":8,"quark:oak_chest":8}},"DataVersion":3465}