{"stats":{"minecraft:killed_by":{"sanitydim:sneaking_terror":1,"enemyexpansion:invisicreeper":1},"minecraft:picked_up":{"minecraft:wheat":1,"minecraft:flower_pot":3,"minecraft:smithing_table":1,"minecraft:golden_sword":2,"born_in_chaos_v1:holiday_candy":16,"minecraft:string":6,"evilcraft:ender_tear":1,"minecraft:raw_copper":2,"epicpaladins:bloodstone_gem":45,"minecraft:sea_pickle":1,"minecraft:cobbled_deepslate":906,"artifacts:aqua_dashers":1,"minecraft:netherite_upgrade_smithing_template":2,"minecraft:mangrove_log":1,"minecraft:furnace":1,"minecraft:stick":8,"born_in_chaos_v1:shattered_skull":1,"epicpaladins:arclight_gem":56,"mowziesmobs:sol_visage":1,"minecraft:oak_fence":1,"born_in_chaos_v1:phantom_powder":1,"minecraft:torch":55,"minecraft:porkchop":10,"tombstone:grave_dust":8,"minecraft:diorite":33,"epicpaladins:moonlight_gem":4,"minecraft:brown_carpet":1,"minecraft:stone_sword":1,"evilcraft:box_of_eternal_closure":4,"minecraft:cactus":20,"epicpaladins:cryorium_gem":51,"quark:clear_shard":7,"minecraft:rotten_flesh":50,"artifacts:villager_hat":1,"minecraft:obsidian":8,"minecraft:cobblestone":347,"minecraft:birch_log":7,"minecraft:feather":13,"born_in_chaos_v1:spiritual_dust":3,"minecraft:andesite":6,"minecraft:flint":2,"minecraft:tuff":123,"evilcraft:flesh_humanoid":1,"minecraft:lapis_lazuli":188,"minecraft:dirt":498,"born_in_chaos_v1:monster_skin":1,"minecraft:bone":29,"minecraft:acacia_planks":1,"minecraft:bow":4,"minecraft:wheat_seeds":20,"minecraft:raw_gold":91,"minecraft:bamboo":1,"minecraft:oak_planks":71,"artifacts:rooted_boots":1,"minecraft:sand":27,"minecraft:dead_bush":1,"minecraft:lily_of_the_valley":1,"securitycraft:universal_block_remover":1,"minecraft:bundle":2,"minecraft:iron_hoe":1,"minecraft:blue_terracotta":1,"born_in_chaos_v1:fire_dust":3,"minecraft:diamond":17,"minecraft:crossbow":1,"minecraft:granite":29,"minecraft:emerald":4,"minecraft:oak_sapling":35,"born_in_chaos_v1:rotten_fish":10,"epicpaladins:angel_sword":1,"minecraft:netherrack":46,"minecraft:crafting_table":2,"born_in_chaos_v1:diamond_termite_shard":9,"born_in_chaos_v1:river_mint":2,"born_in_chaos_v1:seedof_chaos":3,"minecraft:stone_brick_wall":19,"minecraft:gold_block":1,"minecraft:iron_axe":1,"born_in_chaos_v1:intoxicating_decoction":2,"minecraft:item_frame":2,"minecraft:iron_shovel":1,"minecraft:beef":20,"minecraft:sugar_cane":17,"minecraft:poppy":1,"securitycraft:reinforced_grass_path":15,"minecraft:egg":8,"minecraft:raw_iron":231,"born_in_chaos_v1:pieceofdarkmetal":10,"minecraft:carrot":85,"minecraft:redstone":33,"minecraft:stone_pressure_plate":1,"travelersbackpack:hose":2,"mowziesmobs:umvuthana_mask_faith":2,"minecraft:tube_coral":1,"minecraft:arrow":17,"minecraft:hay_block":38,"mowziesmobs:umvuthana_mask_bliss":1,"born_in_chaos_v1:spiny_shell":20,"minecraft:mutton":3,"minecraft:skeleton_skull":12,"minecraft:white_wool":3,"born_in_chaos_v1:corpse_maggot":25,"mowziesmobs:umvuthana_mask_fury":1,"born_in_chaos_v1:monster_flesh":1,"born_in_chaos_v1:pumpkin_staff":2,"minecraft:glow_ink_sac":1,"minecraft:leather":17,"born_in_chaos_v1:shell_mace":1,"minecraft:oak_log":102,"minecraft:gunpowder":29,"sanitydim:garland":2,"minecraft:cooked_mutton":7,"born_in_chaos_v1:soul_cutlass":1,"minecraft:apple":1,"minecraft:stone_bricks":3,"mowziesmobs:umvuthana_mask_rage":1,"minecraft:red_sandstone":8,"minecraft:iron_ingot":5,"securitycraft:universal_block_reinforcer_lvl1":1,"tombstone:bag_of_seeds":1,"mowziesmobs:umvuthana_mask_misery":3,"minecraft:green_dye":1,"artifacts:obsidian_skull":1,"minecraft:smooth_basalt":1,"minecraft:pumpkin":111,"born_in_chaos_v1:orbofthe_summoner":1,"minecraft:dandelion":17,"minecraft:dripstone_block":1,"minecraft:gravel":15,"minecraft:lava_bucket":1,"born_in_chaos_v1:dark_rod":1,"minecraft:white_bed":2,"quark:oak_chest":1,"minecraft:spider_eye":3,"travelersbackpack:standard":2,"minecraft:pumpkin_seeds":31,"minecraft:slime_ball":2,"evilcraft:dark_gem":109,"minecraft:iron_helmet":1,"tombstone:magic_scroll":3,"minecraft:coal":151,"minecraft:ender_pearl":4},"minecraft:dropped":{"minecraft:porkchop":9,"minecraft:glass_bottle":5,"minecraft:diamond":7,"mowziesmobs:umvuthana_mask_faith":2,"born_in_chaos_v1:pieceofdarkmetal":3,"travelersbackpack:standard":1,"minecraft:item_frame":1,"born_in_chaos_v1:monster_flesh":1,"mowziesmobs:umvuthana_mask_bliss":1,"mowziesmobs:umvuthana_mask_rage":1,"minecraft:cobbled_deepslate":5,"minecraft:wheat":2,"minecraft:rotten_flesh":5,"minecraft:oak_planks":49,"minecraft:cooked_mutton":9,"minecraft:white_bed":1,"evilcraft:flesh_humanoid":1,"born_in_chaos_v1:corpse_maggot":2,"minecraft:netherrack":1,"born_in_chaos_v1:dark_rod":1,"minecraft:egg":1,"minecraft:bread":21,"born_in_chaos_v1:shattered_skull":1,"minecraft:wheat_seeds":5,"minecraft:iron_helmet":2,"minecraft:lead":2,"minecraft:coal":23,"minecraft:stick":3,"born_in_chaos_v1:pumpkin_staff":1,"mca:book_romance":1,"born_in_chaos_v1:river_mint":2,"artifacts:obsidian_skull":1,"minecraft:melon_slice":2,"epicpaladins:angel_sword":1,"minecraft:iron_axe":1,"born_in_chaos_v1:shell_mace":1,"artifacts:rooted_boots":1,"minecraft:stone_sword":2,"born_in_chaos_v1:rotten_fish":2,"minecraft:lily_of_the_valley":1,"minecraft:filled_map":1,"securitycraft:universal_block_remover":1,"securitycraft:reinforced_grass_path":5,"minecraft:flower_pot":1,"mowziesmobs:umvuthana_mask_misery":2,"minecraft:iron_chestplate":1,"evilcraft:ender_tear":1,"sanitydim:garland":2,"minecraft:oak_sapling":1,"minecraft:golden_sword":1,"minecraft:brown_carpet":1,"minecraft:bow":2,"minecraft:stone_pickaxe":1,"minecraft:wooden_pickaxe":1,"securitycraft:universal_block_reinforcer_lvl1":1,"travelersbackpack:hose":2},"minecraft:crafted":{"epicpaladins:arclight_sword":1,"minecraft:oak_planks":168,"minecraft:cobblestone_slab":6,"travelersbackpack:crafting_upgrade":1,"travelersbackpack:hose_nozzle":1,"born_in_chaos_v1:spiny_shell_armor_chestplate":1,"travelersbackpack:enderman":3,"minecraft:cooked_mutton":3,"minecraft:green_dye":7,"minecraft:glass":27,"epicpaladins:angel_sword":1,"minecraft:iron_boots":1,"minecraft:netherite_upgrade_smithing_template":2,"minecraft:crafting_table":6,"minecraft:wooden_pickaxe":1,"travelersbackpack:standard":2,"minecraft:birch_planks":28,"minecraft:pumpkin_seeds":384,"travelersbackpack:red_sleeping_bag":1,"minecraft:diamond_pickaxe":1,"minecraft:shield":1,"quark:oak_chest":9,"minecraft:stick":148,"minecraft:iron_ingot":93,"minecraft:iron_pickaxe":2,"minecraft:stone_sword":1,"minecraft:gold_ingot":52,"minecraft:furnace":4,"minecraft:bone_meal":45,"sanitydim:garland":2,"travelersbackpack:gold_tier_upgrade":1,"travelersbackpack:blank_upgrade":4,"born_in_chaos_v1:spiny_shell_armor_helmet":1,"epicpaladins:arclight_template":2,"travelersbackpack:white_sleeping_bag":1,"born_in_chaos_v1:bone_handle":2,"minecraft:iron_axe":2,"minecraft:stone_pickaxe":1,"minecraft:lead":4,"minecraft:cooked_beef":14,"minecraft:wheat":336,"travelersbackpack:hose":1,"minecraft:red_dye":1,"travelersbackpack:backpack_tank":4,"minecraft:iron_sword":1,"minecraft:stripped_oak_wood":3,"minecraft:bucket":1,"minecraft:stone_axe":1,"minecraft:bread":116,"born_in_chaos_v1:shell_mace":1,"minecraft:air":0,"minecraft:iron_shovel":1,"minecraft:iron_leggings":1,"minecraft:torch":506},"minecraft:broken":{"minecraft:iron_shovel":1,"minecraft:iron_boots":1,"minecraft:iron_leggings":1,"sanitydim:garland":2,"minecraft:golden_sword":1,"minecraft:iron_pickaxe":4},"minecraft:killed":{"born_in_chaos_v1:zombie_clown":1,"born_in_chaos_v1:mr_pumpkin":9,"born_in_chaos_v1:zombie_lumberjack":1,"minecraft:spider":8,"enemyexpansion:equestrian":1,"mowziesmobs:umvuthi":1,"born_in_chaos_v1:siamese_skeletonsright":1,"born_in_chaos_v1:baby_skeleton_minion":1,"quark:forgotten":2,"minecraft:skeleton":8,"mowziesmobs:umvuthana_crane":2,"born_in_chaos_v1:skeleton_thrasher":1,"minecraft:silverfish":2,"minecraft:piglin_brute":1,"enemyexpansion:vampflyer":4,"artifacts:mimic":1,"minecraft:piglin":10,"born_in_chaos_v1:bonescaller":2,"minecraft:pig":2,"minecraft:zombie_villager":1,"born_in_chaos_v1:diamond_termite":5,"minecraft:creeper":4,"minecraft:sheep":3,"born_in_chaos_v1:zombie_fisherman":1,"minecraft:pillager":3,"enemyexpansion:meature":1,"minecraft:zombie":24,"born_in_chaos_v1:dread_hound":2,"enemyexpansion:vampire":2,"born_in_chaos_v1:corpse_fly":13,"minecraft:ghast":3,"born_in_chaos_v1:door_knight":1,"mowziesmobs:umvuthana_raptor":1,"minecraft:cow":8,"enemyexpansion:trollenraged":1,"enemyexpansion:intruder":1,"sanitydim:rotting_stalker":2,"born_in_chaos_v1:thornshell_crab":4,"enemyexpansion:direwolf":10,"minecraft:zoglin":1,"born_in_chaos_v1:zombie_bruiser":1,"born_in_chaos_v1:maggot":21,"minecraft:horse":1,"enemyexpansion:faller":1,"enemyexpansion:silverqueen":1,"mowziesmobs:umvuthana":3,"born_in_chaos_v1:mr_pumpkin_controlled":2,"born_in_chaos_v1:barrel_zombie":2,"born_in_chaos_v1:felsteed":1,"born_in_chaos_v1:baby_skeleton":1,"born_in_chaos_v1:swarmer":2,"enemyexpansion:sprinter":5,"mowziesmobs:umvuthana_follower_raptor":8,"born_in_chaos_v1:decrepit_skeleton":5,"born_in_chaos_v1:phantom_creeper_copy":1,"born_in_chaos_v1:bloody_gadfly":2,"enemyexpansion:huntsman":1,"minecraft:enderman":2,"enemyexpansion:slugger":3},"minecraft:used":{"minecraft:iron_shovel":523,"born_in_chaos_v1:intoxicating_decoction":1,"minecraft:shield":24,"minecraft:iron_sword":146,"minecraft:iron_chestplate":2,"sanitydim:garland":3,"minecraft:carrot":31,"born_in_chaos_v1:soul_cutlass":95,"minecraft:tuff":39,"epicpaladins:arclight_sword":30,"minecraft:obsidian":8,"minecraft:glass":3,"born_in_chaos_v1:corpse_maggot":2,"minecraft:lava_bucket":1,"born_in_chaos_v1:spiny_shell_armor_chestplate":1,"minecraft:iron_helmet":1,"minecraft:stone_bricks":3,"minecraft:item_frame":1,"minecraft:golden_sword":28,"minecraft:oak_sapling":29,"minecraft:furnace":3,"minecraft:egg":3,"travelersbackpack:enderman":4,"born_in_chaos_v1:spiny_shell_armor_helmet":2,"mowziesmobs:foliaath_seed":3,"minecraft:diorite":3,"securitycraft:reinforced_grass_path":4,"minecraft:stone_pickaxe":125,"minecraft:oak_planks":35,"minecraft:wooden_pickaxe":3,"minecraft:golden_apple":2,"securitycraft:universal_block_remover":4,"born_in_chaos_v1:holiday_candy":10,"minecraft:pumpkin_seeds":17,"minecraft:firework_rocket":1,"minecraft:bread":118,"born_in_chaos_v1:pumpkin_staff":3,"born_in_chaos_v1:rotten_fish":1,"minecraft:smithing_table":1,"minecraft:andesite":1,"epicpaladins:angel_sword":60,"minecraft:bone_meal":17,"minecraft:stone_sword":130,"minecraft:flint_and_steel":1,"born_in_chaos_v1:shell_mace":184,"minecraft:netherrack":19,"minecraft:torch":607,"minecraft:dirt":41,"minecraft:granite":1,"artifacts:onion_ring":1,"minecraft:iron_hoe":18,"minecraft:iron_axe":237,"minecraft:iron_boots":1,"evilcraft:box_of_eternal_closure":4,"minecraft:golden_carrot":6,"minecraft:beef":6,"travelersbackpack:hose":73,"tombstone:gift":5,"minecraft:cooked_beef":14,"minecraft:cobbled_deepslate":28,"minecraft:iron_leggings":1,"minecraft:cooked_mutton":1,"minecraft:water_bucket":3,"minecraft:cobblestone_slab":3,"minecraft:crafting_table":6,"minecraft:white_bed":1,"tombstone:bag_of_seeds":1,"minecraft:diamond_pickaxe":976,"minecraft:apple":1,"minecraft:iron_pickaxe":1175,"tombstone:magic_scroll":1,"mowziesmobs:sol_visage":1,"minecraft:stone_axe":4,"minecraft:cobblestone":36,"travelersbackpack:standard":37,"minecraft:bucket":9,"quark:oak_chest":8,"minecraft:sea_pickle":1},"minecraft:custom":{"minecraft:animals_bred":3,"minecraft:interact_with_crafting_table":47,"minecraft:open_barrel":45,"minecraft:leave_game":6,"minecraft:time_since_death":186700,"minecraft:damage_resisted":72,"minecraft:sprint_one_cm":1638874,"minecraft:damage_blocked_by_shield":955,"minecraft:drop":97,"minecraft:talked_to_villager":1,"minecraft:play_time":610085,"minecraft:deaths":2,"minecraft:jump":7904,"minecraft:walk_on_water_one_cm":32616,"minecraft:interact_with_furnace":50,"minecraft:sleep_in_bed":25,"tombstone:sneak_grave":10,"minecraft:damage_dealt":33812,"minecraft:crouch_one_cm":57794,"tombstone:undead_killed":73,"minecraft:interact_with_smoker":4,"minecraft:inspect_dispenser":2,"minecraft:interact_with_smithing_table":9,"minecraft:mob_kills":245,"minecraft:damage_dealt_resisted":2826,"minecraft:climb_one_cm":1802,"minecraft:walk_one_cm":1704210,"minecraft:sneak_time":24707,"minecraft:walk_under_water_one_cm":15945,"minecraft:interact_with_blast_furnace":2,"minecraft:total_world_time":610085,"tombstone:raider_killed":3,"minecraft:raid_trigger":1,"minecraft:time_since_rest":5862,"minecraft:damage_absorbed":79,"minecraft:damage_taken":6790,"minecraft:trigger_trapped_chest":3,"minecraft:swim_one_cm":55358,"minecraft:fly_one_cm":1719377,"minecraft:open_chest":310,"minecraft:fall_one_cm":179481},"minecraft:mined":{"minecraft:stone_pressure_plate":1,"minecraft:white_bed":1,"minecraft:oak_sapling":1,"epicpaladins:cryorium_ore":10,"minecraft:obsidian":8,"minecraft:granite":32,"travelersbackpack:red_sleeping_bag":2,"minecraft:grass_block":320,"born_in_chaos_v1:dark_metal_deposit":4,"minecraft:stone_brick_wall":19,"epicpaladins:moonlight_ore":4,"minecraft:iron_ore":119,"minecraft:cobbled_deepslate":11,"minecraft:fire":10,"minecraft:pumpkin":98,"minecraft:deepslate_lapis_ore":19,"minecraft:dirt_path":4,"minecraft:deepslate_redstone_ore":7,"born_in_chaos_v1:infected_deepslate_diamond_ore":7,"minecraft:torch":6,"minecraft:poppy":1,"minecraft:dead_bush":1,"minecraft:glass":3,"minecraft:cobblestone":4,"minecraft:sugar_cane":8,"minecraft:oak_planks":22,"minecraft:wall_torch":8,"minecraft:skeleton_skull":12,"minecraft:warped_nylium":14,"minecraft:blue_terracotta":1,"evilcraft:dark_ore_deepslate":17,"minecraft:birch_log":7,"epicpaladins:deepslate_cryorium_ore":44,"born_in_chaos_v1:river_mint":2,"minecraft:tnt":1,"minecraft:grass":100,"minecraft:oak_log":102,"minecraft:sand":42,"minecraft:dirt":188,"minecraft:netherrack":33,"minecraft:deepslate":888,"minecraft:oak_leaves":21,"epicpaladins:arclight_ore":30,"minecraft:tuff":126,"minecraft:deepslate_diamond_ore":17,"minecraft:acacia_slab":1,"minecraft:potted_bamboo":1,"epicpaladins:deepslate_arclight_ore":28,"minecraft:hay_block":38,"minecraft:furnace":2,"minecraft:carrots":12,"minecraft:red_sandstone":10,"evilcraft:box_of_eternal_closure":1,"minecraft:andesite":10,"evilcraft:dark_ore":6,"minecraft:gold_block":1,"minecraft:deepslate_iron_ore":75,"minecraft:rail":1,"minecraft:stone":346,"minecraft:podzol":1,"minecraft:smithing_table":1,"minecraft:glass_pane":2,"epicpaladins:deepslate_bloodstone_ore":35,"quark:oak_chest":1,"minecraft:lily_of_the_valley":1,"minecraft:dandelion":16,"travelersbackpack:standard":1,"minecraft:oak_fence":1,"minecraft:crafting_table":2,"minecraft:stone_slab":1,"minecraft:copper_ore":1,"minecraft:tall_grass":30,"minecraft:lapis_ore":12,"minecraft:deepslate_gold_ore":73,"minecraft:diorite":32,"epicpaladins:bloodstone_ore":8,"minecraft:cactus":14,"minecraft:coal_ore":150,"quark:monster_box":1,"evilcraft:blood_stain":1,"minecraft:gravel":18,"minecraft:dripstone_block":1,"minecraft:acacia_planks":1,"minecraft:stone_bricks":3,"minecraft:gold_ore":22}},"DataVersion":3465}