{"stats":{"minecraft:custom":{"minecraft:time_since_rest":1939,"minecraft:interact_with_furnace":1,"minecraft:sprint_one_cm":64580,"minecraft:damage_taken":501,"minecraft:walk_one_cm":61654,"minecraft:mob_kills":9,"minecraft:damage_dealt":2833,"minecraft:swim_one_cm":5890,"minecraft:interact_with_crafting_table":4,"minecraft:fly_one_cm":62702,"minecraft:open_chest":4,"minecraft:crouch_one_cm":288,"minecraft:play_time":22481,"minecraft:deaths":1,"minecraft:sneak_time":90,"minecraft:walk_under_water_one_cm":2072,"minecraft:damage_dealt_resisted":474,"minecraft:jump":271,"minecraft:leave_game":2,"minecraft:walk_on_water_one_cm":949,"minecraft:time_since_death":5120,"minecraft:sleep_in_bed":1,"minecraft:total_world_time":22481,"minecraft:fall_one_cm":6814},"minecraft:picked_up":{"minecraft:stick":6,"minecraft:crafting_table":2,"minecraft:oak_fence":1,"minecraft:oak_log":28,"minecraft:arrow":1,"minecraft:acacia_planks":1,"minecraft:apple":1,"minecraft:bow":1,"minecraft:hay_block":19,"minecraft:emerald":1,"minecraft:oak_sapling":26,"minecraft:coal":11,"minecraft:cobblestone":19},"minecraft:crafted":{"minecraft:oak_planks":24,"minecraft:crafting_table":1,"minecraft:stick":8,"minecraft:wooden_pickaxe":1,"minecraft:stone_pickaxe":1,"minecraft:stone_sword":1,"minecraft:stone_axe":1,"minecraft:bread":21,"minecraft:wheat":72},"minecraft:mined":{"minecraft:hay_block":19,"minecraft:fire":1,"minecraft:oak_fence":1,"minecraft:crafting_table":2,"minecraft:grass":13,"minecraft:coal_ore":11,"minecraft:oak_log":28,"minecraft:tall_grass":2,"minecraft:acacia_planks":1,"minecraft:stone":19},"minecraft:killed":{"born_in_chaos_v1:felsteed":1,"born_in_chaos_v1:mr_pumpkin":8},"minecraft:killed_by":{"sanitydim:sneaking_terror":1},"minecraft:used":{"minecraft:stone_sword":93,"minecraft:apple":1,"minecraft:bread":5,"minecraft:stone_pickaxe":27,"minecraft:iron_helmet":1,"minecraft:wooden_pickaxe":3,"minecraft:iron_boots":1,"minecraft:iron_chestplate":1,"minecraft:stone_axe":4,"minecraft:crafting_table":3,"minecraft:iron_leggings":1}},"DataVersion":3465}