{"stats":{"minecraft:custom":{"minecraft:interact_with_furnace":10,"minecraft:mob_kills":17,"tombstone:raider_killed":1,"minecraft:interact_with_crafting_table":10,"minecraft:open_barrel":4,"minecraft:raid_trigger":1,"minecraft:damage_dealt_resisted":490,"minecraft:leave_game":2,"minecraft:time_since_death":53120,"minecraft:sleep_in_bed":4,"minecraft:time_since_rest":7926,"minecraft:sprint_one_cm":245519,"minecraft:damage_taken":943,"minecraft:walk_one_cm":208382,"minecraft:drop":24,"minecraft:damage_dealt":4009,"minecraft:swim_one_cm":8033,"minecraft:talked_to_villager":1,"minecraft:fly_one_cm":298895,"minecraft:open_chest":28,"minecraft:deaths":1,"minecraft:crouch_one_cm":6378,"minecraft:play_time":70481,"tombstone:undead_killed":2,"minecraft:sneak_time":1580,"minecraft:walk_under_water_one_cm":8229,"minecraft:jump":1231,"minecraft:walk_on_water_one_cm":5042,"minecraft:total_world_time":70481,"minecraft:fall_one_cm":35176},"minecraft:picked_up":{"minecraft:crafting_table":2,"minecraft:flower_pot":1,"born_in_chaos_v1:river_mint":2,"minecraft:stone_brick_wall":17,"minecraft:oak_log":29,"minecraft:dirt":1,"minecraft:item_frame":1,"minecraft:iron_shovel":1,"minecraft:acacia_planks":1,"minecraft:apple":1,"minecraft:stone_bricks":3,"minecraft:bow":3,"minecraft:wheat_seeds":3,"minecraft:raw_gold":7,"minecraft:iron_ingot":3,"minecraft:bamboo":1,"minecraft:oak_planks":47,"minecraft:mangrove_log":1,"minecraft:stick":8,"minecraft:raw_iron":11,"artifacts:rooted_boots":1,"minecraft:oak_fence":1,"minecraft:torch":4,"tombstone:grave_dust":2,"minecraft:white_bed":2,"quark:oak_chest":1,"minecraft:brown_carpet":1,"minecraft:stone_sword":1,"minecraft:iron_hoe":1,"minecraft:arrow":1,"minecraft:rotten_flesh":2,"born_in_chaos_v1:fire_dust":2,"evilcraft:dark_gem":4,"minecraft:hay_block":38,"minecraft:emerald":3,"minecraft:oak_sapling":26,"minecraft:mutton":3,"minecraft:white_wool":3,"minecraft:coal":47,"minecraft:cobblestone":60},"minecraft:dropped":{"minecraft:wheat_seeds":1,"minecraft:stone_sword":2,"minecraft:glass_bottle":5,"minecraft:rotten_flesh":2,"minecraft:oak_planks":46,"minecraft:white_bed":1,"minecraft:item_frame":1,"minecraft:stick":3,"minecraft:filled_map":1,"minecraft:flower_pot":1,"mca:book_romance":1,"born_in_chaos_v1:river_mint":2,"minecraft:melon_slice":2,"minecraft:brown_carpet":1,"minecraft:bow":2,"minecraft:stone_pickaxe":1,"minecraft:wooden_pickaxe":1,"artifacts:rooted_boots":1},"minecraft:crafted":{"minecraft:oak_planks":116,"minecraft:crafting_table":3,"minecraft:wooden_pickaxe":1,"minecraft:iron_sword":1,"minecraft:furnace":1,"minecraft:stone_axe":1,"minecraft:air":0,"minecraft:bread":21,"minecraft:shield":1,"minecraft:stick":16,"quark:oak_chest":7,"minecraft:iron_ingot":11,"minecraft:iron_pickaxe":1,"minecraft:stone_pickaxe":1,"minecraft:stone_sword":1,"minecraft:torch":44,"minecraft:wheat":72},"minecraft:mined":{"minecraft:white_bed":1,"minecraft:glass_pane":2,"quark:oak_chest":1,"minecraft:oak_fence":1,"minecraft:crafting_table":2,"minecraft:torch":1,"minecraft:stone_brick_wall":19,"minecraft:grass_block":8,"minecraft:stone_slab":1,"minecraft:tall_grass":4,"minecraft:acacia_slab":1,"minecraft:potted_bamboo":1,"minecraft:oak_planks":1,"minecraft:wall_torch":1,"minecraft:hay_block":38,"minecraft:iron_ore":12,"minecraft:fire":5,"born_in_chaos_v1:river_mint":2,"evilcraft:dark_ore":1,"minecraft:grass":16,"minecraft:oak_log":28,"minecraft:coal_ore":47,"minecraft:sand":15,"minecraft:dirt":6,"minecraft:acacia_planks":1,"minecraft:stone_bricks":3,"minecraft:stone":63,"minecraft:gold_ore":7,"minecraft:oak_leaves":1},"minecraft:killed":{"born_in_chaos_v1:felsteed":1,"born_in_chaos_v1:mr_pumpkin":9,"born_in_chaos_v1:zombie_lumberjack":1,"enemyexpansion:equestrian":1,"minecraft:sheep":3,"minecraft:pillager":1},"minecraft:killed_by":{"sanitydim:sneaking_terror":1},"minecraft:used":{"minecraft:stone_sword":130,"minecraft:iron_shovel":27,"minecraft:stone_pickaxe":125,"minecraft:oak_planks":13,"minecraft:wooden_pickaxe":3,"minecraft:iron_sword":2,"minecraft:iron_chestplate":1,"minecraft:torch":29,"minecraft:dirt":1,"minecraft:crafting_table":5,"minecraft:white_bed":1,"minecraft:apple":1,"minecraft:bread":19,"minecraft:iron_pickaxe":31,"minecraft:iron_helmet":1,"minecraft:iron_boots":1,"minecraft:stone_bricks":3,"minecraft:stone_axe":4,"minecraft:cobblestone":14,"minecraft:furnace":1,"quark:oak_chest":8,"tombstone:gift":1,"minecraft:iron_leggings":1}},"DataVersion":3465}