{"stats":{"minecraft:custom":{"minecraft:interact_with_smithing_table":3,"minecraft:mob_kills":40,"minecraft:interact_with_crafting_table":25,"minecraft:open_barrel":4,"minecraft:damage_dealt_resisted":500,"minecraft:leave_game":2,"minecraft:time_since_death":125120,"minecraft:climb_one_cm":57,"minecraft:sprint_one_cm":383261,"minecraft:walk_one_cm":299851,"minecraft:damage_blocked_by_shield":85,"minecraft:drop":27,"minecraft:talked_to_villager":1,"minecraft:play_time":142481,"minecraft:deaths":1,"minecraft:sneak_time":2156,"minecraft:walk_under_water_one_cm":9066,"minecraft:jump":2152,"minecraft:walk_on_water_one_cm":6509,"minecraft:total_world_time":142481,"minecraft:interact_with_furnace":23,"tombstone:raider_killed":1,"minecraft:raid_trigger":1,"minecraft:sleep_in_bed":7,"minecraft:time_since_rest":2102,"minecraft:damage_taken":1145,"minecraft:trigger_trapped_chest":1,"minecraft:damage_dealt":6890,"minecraft:swim_one_cm":19130,"minecraft:fly_one_cm":565184,"minecraft:open_chest":48,"minecraft:crouch_one_cm":7018,"tombstone:undead_killed":5,"minecraft:fall_one_cm":61711},"minecraft:picked_up":{"minecraft:crafting_table":2,"born_in_chaos_v1:river_mint":2,"minecraft:flower_pot":2,"minecraft:stone_brick_wall":19,"minecraft:item_frame":1,"minecraft:iron_shovel":1,"minecraft:beef":14,"minecraft:poppy":1,"minecraft:mangrove_log":1,"minecraft:egg":2,"minecraft:stick":8,"minecraft:raw_iron":11,"minecraft:oak_fence":1,"minecraft:torch":4,"tombstone:grave_dust":2,"minecraft:stone_pressure_plate":1,"minecraft:brown_carpet":1,"minecraft:cactus":20,"minecraft:stone_sword":1,"minecraft:arrow":2,"minecraft:rotten_flesh":6,"minecraft:hay_block":38,"minecraft:mutton":3,"minecraft:white_wool":3,"minecraft:cobblestone":60,"born_in_chaos_v1:corpse_maggot":12,"minecraft:leather":11,"minecraft:oak_log":33,"minecraft:dirt":15,"minecraft:bone":1,"minecraft:acacia_planks":1,"minecraft:apple":1,"minecraft:stone_bricks":3,"minecraft:bow":3,"minecraft:red_sandstone":8,"minecraft:wheat_seeds":3,"minecraft:raw_gold":7,"minecraft:iron_ingot":3,"minecraft:bamboo":1,"minecraft:oak_planks":50,"minecraft:green_dye":1,"artifacts:rooted_boots":1,"minecraft:sand":27,"minecraft:white_bed":2,"quark:oak_chest":1,"minecraft:iron_hoe":1,"travelersbackpack:standard":2,"minecraft:blue_terracotta":1,"minecraft:slime_ball":2,"born_in_chaos_v1:fire_dust":2,"evilcraft:dark_gem":4,"minecraft:iron_helmet":1,"minecraft:emerald":3,"minecraft:oak_sapling":28,"minecraft:coal":47},"minecraft:dropped":{"minecraft:wheat_seeds":1,"minecraft:glass_bottle":5,"minecraft:iron_helmet":1,"travelersbackpack:standard":1,"minecraft:item_frame":1,"minecraft:stick":3,"mca:book_romance":1,"born_in_chaos_v1:river_mint":2,"minecraft:melon_slice":2,"artifacts:rooted_boots":1,"minecraft:stone_sword":2,"minecraft:rotten_flesh":2,"minecraft:oak_planks":49,"minecraft:white_bed":1,"minecraft:filled_map":1,"minecraft:flower_pot":1,"minecraft:brown_carpet":1,"minecraft:bow":2,"minecraft:stone_pickaxe":1,"minecraft:wooden_pickaxe":1},"minecraft:crafted":{"minecraft:oak_planks":144,"travelersbackpack:crafting_upgrade":1,"travelersbackpack:hose_nozzle":1,"minecraft:furnace":3,"travelersbackpack:blank_upgrade":4,"minecraft:green_dye":7,"minecraft:glass":27,"travelersbackpack:white_sleeping_bag":1,"minecraft:stone_pickaxe":1,"minecraft:wheat":336,"travelersbackpack:hose":1,"minecraft:red_dye":1,"minecraft:crafting_table":5,"travelersbackpack:backpack_tank":4,"minecraft:wooden_pickaxe":1,"travelersbackpack:standard":2,"minecraft:iron_sword":1,"minecraft:stripped_oak_wood":3,"minecraft:bucket":1,"minecraft:stone_axe":1,"minecraft:bread":84,"minecraft:air":0,"travelersbackpack:red_sleeping_bag":1,"minecraft:shield":1,"minecraft:stick":16,"quark:oak_chest":9,"minecraft:iron_ingot":11,"minecraft:iron_pickaxe":1,"minecraft:stone_sword":1,"minecraft:torch":44},"minecraft:mined":{"minecraft:stone_pressure_plate":1,"minecraft:white_bed":1,"travelersbackpack:red_sleeping_bag":1,"minecraft:grass_block":12,"minecraft:stone_brick_wall":19,"minecraft:acacia_slab":1,"minecraft:potted_bamboo":1,"minecraft:hay_block":38,"minecraft:furnace":1,"minecraft:red_sandstone":10,"minecraft:iron_ore":12,"minecraft:fire":5,"evilcraft:dark_ore":1,"minecraft:stone":63,"minecraft:glass_pane":2,"quark:oak_chest":1,"travelersbackpack:standard":1,"minecraft:oak_fence":1,"minecraft:crafting_table":2,"minecraft:torch":1,"minecraft:poppy":1,"minecraft:dead_bush":1,"minecraft:stone_slab":1,"minecraft:tall_grass":5,"minecraft:oak_planks":1,"minecraft:wall_torch":2,"minecraft:cactus":14,"minecraft:blue_terracotta":1,"born_in_chaos_v1:river_mint":2,"minecraft:grass":17,"minecraft:coal_ore":47,"minecraft:oak_log":32,"minecraft:dirt":16,"minecraft:sand":42,"minecraft:acacia_planks":1,"minecraft:stone_bricks":3,"minecraft:gold_ore":7,"minecraft:oak_leaves":1},"minecraft:killed":{"born_in_chaos_v1:mr_pumpkin":9,"born_in_chaos_v1:zombie_lumberjack":1,"minecraft:spider":1,"enemyexpansion:equestrian":1,"born_in_chaos_v1:maggot":5,"minecraft:skeleton":1,"minecraft:horse":1,"born_in_chaos_v1:felsteed":1,"born_in_chaos_v1:swarmer":1,"minecraft:creeper":1,"minecraft:sheep":3,"born_in_chaos_v1:bloody_gadfly":1,"minecraft:pillager":1,"minecraft:zombie":1,"born_in_chaos_v1:corpse_fly":7,"minecraft:cow":4},"minecraft:killed_by":{"sanitydim:sneaking_terror":1},"minecraft:used":{"minecraft:stone_sword":130,"minecraft:iron_shovel":54,"minecraft:shield":3,"minecraft:iron_sword":48,"minecraft:iron_chestplate":1,"minecraft:torch":42,"minecraft:dirt":6,"minecraft:iron_helmet":1,"minecraft:iron_boots":1,"minecraft:stone_bricks":3,"minecraft:golden_sword":20,"minecraft:furnace":2,"travelersbackpack:hose":8,"tombstone:gift":1,"minecraft:egg":2,"minecraft:iron_leggings":1,"minecraft:water_bucket":3,"minecraft:stone_pickaxe":125,"minecraft:oak_planks":18,"minecraft:wooden_pickaxe":3,"minecraft:crafting_table":6,"minecraft:white_bed":1,"minecraft:apple":1,"minecraft:bread":30,"minecraft:iron_pickaxe":44,"minecraft:stone_axe":4,"minecraft:cobblestone":14,"travelersbackpack:standard":20,"minecraft:bucket":8,"quark:oak_chest":8}},"DataVersion":3465}