{"stats":{"minecraft:broken":{"minecraft:iron_pickaxe":1},"minecraft:killed":{"born_in_chaos_v1:mr_pumpkin":9,"born_in_chaos_v1:zombie_lumberjack":1,"enemyexpansion:equestrian":1,"minecraft:spider":4,"enemyexpansion:direwolf":2,"born_in_chaos_v1:maggot":15,"minecraft:skeleton":1,"minecraft:horse":1,"enemyexpansion:faller":1,"artifacts:mimic":1,"born_in_chaos_v1:felsteed":1,"minecraft:zombie_villager":1,"born_in_chaos_v1:swarmer":1,"enemyexpansion:sprinter":2,"minecraft:creeper":2,"born_in_chaos_v1:decrepit_skeleton":1,"minecraft:sheep":3,"born_in_chaos_v1:zombie_fisherman":1,"born_in_chaos_v1:bloody_gadfly":1,"minecraft:pillager":1,"minecraft:zombie":15,"enemyexpansion:vampire":1,"born_in_chaos_v1:corpse_fly":7,"enemyexpansion:huntsman":1,"minecraft:cow":4,"enemyexpansion:slugger":2},"minecraft:mined":{"minecraft:tuff":5,"minecraft:stone_pressure_plate":1,"minecraft:white_bed":1,"minecraft:oak_sapling":1,"epicpaladins:cryorium_ore":1,"minecraft:granite":5,"born_in_chaos_v1:dark_metal_deposit":4,"travelersbackpack:red_sleeping_bag":1,"minecraft:grass_block":27,"minecraft:stone_brick_wall":19,"minecraft:acacia_slab":1,"minecraft:potted_bamboo":1,"minecraft:hay_block":38,"minecraft:furnace":1,"minecraft:red_sandstone":10,"minecraft:iron_ore":58,"minecraft:fire":7,"minecraft:andesite":5,"evilcraft:dark_ore":4,"minecraft:deepslate_lapis_ore":5,"minecraft:deepslate_iron_ore":12,"minecraft:dirt_path":3,"minecraft:stone":145,"minecraft:deepslate_redstone_ore":3,"minecraft:glass_pane":2,"epicpaladins:deepslate_bloodstone_ore":3,"quark:oak_chest":1,"travelersbackpack:standard":1,"minecraft:oak_fence":1,"minecraft:crafting_table":2,"minecraft:torch":2,"minecraft:poppy":1,"minecraft:dead_bush":1,"minecraft:stone_slab":1,"minecraft:tall_grass":23,"minecraft:deepslate_gold_ore":7,"minecraft:lapis_ore":4,"minecraft:oak_planks":1,"minecraft:diorite":3,"minecraft:wall_torch":3,"minecraft:cactus":14,"minecraft:blue_terracotta":1,"minecraft:tnt":1,"born_in_chaos_v1:river_mint":2,"minecraft:grass":33,"minecraft:oak_log":36,"minecraft:coal_ore":98,"evilcraft:blood_stain":1,"minecraft:gravel":3,"minecraft:sand":42,"minecraft:dirt":21,"minecraft:acacia_planks":1,"minecraft:stone_bricks":3,"minecraft:gold_ore":13,"minecraft:deepslate":6,"minecraft:oak_leaves":1,"epicpaladins:arclight_ore":30},"minecraft:picked_up":{"minecraft:crafting_table":2,"born_in_chaos_v1:river_mint":2,"minecraft:flower_pot":3,"minecraft:stone_brick_wall":19,"born_in_chaos_v1:holiday_candy":16,"minecraft:string":2,"epicpaladins:bloodstone_gem":3,"minecraft:item_frame":1,"minecraft:iron_shovel":1,"minecraft:cobbled_deepslate":5,"artifacts:aqua_dashers":1,"minecraft:beef":14,"minecraft:poppy":1,"minecraft:mangrove_log":1,"minecraft:egg":2,"minecraft:stick":8,"minecraft:raw_iron":68,"epicpaladins:arclight_gem":29,"minecraft:oak_fence":1,"minecraft:torch":7,"tombstone:grave_dust":4,"minecraft:diorite":4,"born_in_chaos_v1:pieceofdarkmetal":4,"minecraft:redstone":13,"minecraft:stone_pressure_plate":1,"minecraft:brown_carpet":1,"epicpaladins:cryorium_gem":1,"minecraft:arrow":2,"minecraft:stone_sword":1,"minecraft:cactus":20,"minecraft:rotten_flesh":25,"artifacts:villager_hat":1,"minecraft:hay_block":38,"minecraft:mutton":3,"minecraft:cobblestone":142,"minecraft:white_wool":3,"born_in_chaos_v1:corpse_maggot":15,"born_in_chaos_v1:pumpkin_staff":2,"minecraft:andesite":1,"minecraft:leather":11,"minecraft:tuff":4,"minecraft:oak_log":37,"minecraft:gunpowder":4,"minecraft:lapis_lazuli":59,"minecraft:dirt":34,"minecraft:bone":3,"born_in_chaos_v1:soul_cutlass":1,"minecraft:acacia_planks":1,"minecraft:apple":1,"minecraft:stone_bricks":3,"minecraft:bow":3,"minecraft:red_sandstone":8,"minecraft:wheat_seeds":6,"minecraft:raw_gold":20,"minecraft:iron_ingot":3,"minecraft:bamboo":1,"minecraft:oak_planks":50,"minecraft:green_dye":1,"artifacts:obsidian_skull":1,"artifacts:rooted_boots":1,"minecraft:dandelion":1,"minecraft:gravel":1,"minecraft:sand":27,"minecraft:dead_bush":1,"minecraft:white_bed":2,"minecraft:spider_eye":1,"quark:oak_chest":1,"minecraft:bundle":2,"travelersbackpack:standard":2,"minecraft:iron_hoe":1,"minecraft:pumpkin_seeds":28,"minecraft:blue_terracotta":1,"minecraft:slime_ball":2,"born_in_chaos_v1:fire_dust":2,"evilcraft:dark_gem":20,"minecraft:iron_helmet":1,"minecraft:granite":5,"minecraft:emerald":4,"born_in_chaos_v1:rotten_fish":1,"tombstone:magic_scroll":1,"minecraft:oak_sapling":29,"minecraft:coal":98},"minecraft:dropped":{"minecraft:wheat_seeds":1,"minecraft:glass_bottle":5,"minecraft:iron_helmet":1,"travelersbackpack:standard":1,"minecraft:item_frame":1,"minecraft:stick":3,"born_in_chaos_v1:pumpkin_staff":1,"mca:book_romance":1,"born_in_chaos_v1:river_mint":2,"minecraft:melon_slice":2,"artifacts:rooted_boots":1,"minecraft:stone_sword":2,"minecraft:rotten_flesh":2,"minecraft:oak_planks":49,"minecraft:white_bed":1,"minecraft:filled_map":1,"minecraft:flower_pot":1,"minecraft:brown_carpet":1,"minecraft:bow":2,"minecraft:wooden_pickaxe":1,"minecraft:stone_pickaxe":1},"minecraft:used":{"minecraft:stone_sword":130,"minecraft:iron_shovel":76,"minecraft:shield":6,"minecraft:iron_sword":74,"minecraft:iron_chestplate":1,"minecraft:torch":178,"minecraft:dirt":16,"born_in_chaos_v1:soul_cutlass":83,"artifacts:onion_ring":1,"minecraft:iron_hoe":16,"born_in_chaos_v1:corpse_maggot":1,"minecraft:iron_helmet":1,"minecraft:iron_boots":1,"minecraft:stone_bricks":3,"minecraft:golden_sword":20,"minecraft:oak_sapling":19,"minecraft:furnace":2,"travelersbackpack:hose":20,"tombstone:gift":2,"minecraft:egg":2,"minecraft:iron_leggings":1,"minecraft:water_bucket":3,"minecraft:diorite":3,"minecraft:stone_pickaxe":125,"minecraft:oak_planks":18,"minecraft:wooden_pickaxe":3,"minecraft:golden_apple":1,"minecraft:crafting_table":6,"born_in_chaos_v1:holiday_candy":3,"minecraft:white_bed":1,"minecraft:pumpkin_seeds":7,"minecraft:apple":1,"minecraft:bread":47,"minecraft:iron_pickaxe":338,"minecraft:stone_axe":4,"minecraft:cobblestone":14,"travelersbackpack:standard":20,"minecraft:andesite":1,"minecraft:bucket":8,"quark:oak_chest":8,"minecraft:bone_meal":17},"minecraft:crafted":{"minecraft:oak_planks":160,"travelersbackpack:crafting_upgrade":1,"travelersbackpack:hose_nozzle":1,"minecraft:furnace":3,"minecraft:bone_meal":45,"travelersbackpack:blank_upgrade":4,"minecraft:green_dye":7,"minecraft:glass":27,"travelersbackpack:white_sleeping_bag":1,"minecraft:iron_axe":1,"minecraft:stone_pickaxe":1,"minecraft:wheat":336,"travelersbackpack:hose":1,"minecraft:red_dye":1,"minecraft:crafting_table":5,"travelersbackpack:backpack_tank":4,"minecraft:wooden_pickaxe":1,"travelersbackpack:standard":2,"minecraft:iron_sword":1,"minecraft:stripped_oak_wood":3,"minecraft:bucket":1,"minecraft:stone_axe":1,"minecraft:bread":84,"minecraft:air":0,"travelersbackpack:red_sleeping_bag":1,"minecraft:shield":1,"minecraft:stick":56,"quark:oak_chest":9,"minecraft:iron_ingot":25,"minecraft:iron_pickaxe":1,"minecraft:gold_ingot":13,"minecraft:stone_sword":1,"minecraft:torch":172},"minecraft:killed_by":{"sanitydim:sneaking_terror":1},"minecraft:custom":{"minecraft:interact_with_smithing_table":3,"minecraft:mob_kills":84,"minecraft:interact_with_crafting_table":27,"minecraft:open_barrel":18,"minecraft:damage_dealt_resisted":582,"minecraft:leave_game":2,"minecraft:time_since_death":202176,"minecraft:climb_one_cm":57,"minecraft:sprint_one_cm":582233,"minecraft:walk_one_cm":532721,"minecraft:damage_blocked_by_shield":170,"minecraft:drop":28,"minecraft:talked_to_villager":1,"minecraft:play_time":219537,"minecraft:deaths":1,"minecraft:sneak_time":6018,"minecraft:walk_under_water_one_cm":12711,"minecraft:jump":2979,"minecraft:interact_with_blast_furnace":2,"minecraft:walk_on_water_one_cm":14220,"minecraft:total_world_time":219537,"minecraft:interact_with_furnace":32,"tombstone:raider_killed":1,"minecraft:raid_trigger":1,"minecraft:sleep_in_bed":8,"minecraft:time_since_rest":57336,"minecraft:damage_taken":1934,"minecraft:damage_absorbed":39,"minecraft:trigger_trapped_chest":3,"minecraft:damage_dealt":13635,"minecraft:swim_one_cm":39042,"minecraft:fly_one_cm":701401,"minecraft:open_chest":81,"minecraft:crouch_one_cm":15422,"tombstone:undead_killed":28,"minecraft:interact_with_smoker":2,"minecraft:fall_one_cm":77629,"minecraft:inspect_dispenser":1}},"DataVersion":3465}