{"stats":{"minecraft:broken":{"minecraft:iron_boots":1,"sanitydim:garland":1,"minecraft:golden_sword":1,"minecraft:iron_pickaxe":1},"minecraft:used":{"minecraft:stone_sword":130,"minecraft:iron_shovel":76,"minecraft:shield":7,"born_in_chaos_v1:shell_mace":97,"minecraft:iron_sword":146,"minecraft:torch":185,"minecraft:iron_chestplate":1,"minecraft:dirt":18,"sanitydim:garland":2,"born_in_chaos_v1:soul_cutlass":95,"artifacts:onion_ring":1,"minecraft:iron_hoe":17,"born_in_chaos_v1:corpse_maggot":2,"minecraft:lava_bucket":1,"minecraft:iron_axe":167,"minecraft:iron_boots":1,"minecraft:iron_helmet":1,"minecraft:stone_bricks":3,"minecraft:golden_sword":28,"minecraft:beef":6,"minecraft:oak_sapling":29,"minecraft:furnace":2,"travelersbackpack:hose":58,"tombstone:gift":2,"minecraft:egg":3,"minecraft:iron_leggings":1,"born_in_chaos_v1:spiny_shell_armor_helmet":2,"minecraft:water_bucket":3,"minecraft:diorite":3,"minecraft:stone_pickaxe":125,"minecraft:oak_planks":34,"minecraft:wooden_pickaxe":3,"minecraft:golden_apple":2,"minecraft:crafting_table":6,"minecraft:white_bed":1,"born_in_chaos_v1:holiday_candy":3,"minecraft:pumpkin_seeds":16,"minecraft:apple":1,"minecraft:bread":94,"minecraft:iron_pickaxe":413,"born_in_chaos_v1:pumpkin_staff":1,"minecraft:stone_axe":4,"minecraft:cobblestone":26,"travelersbackpack:standard":33,"minecraft:andesite":1,"minecraft:bucket":9,"quark:oak_chest":8,"minecraft:bone_meal":17},"minecraft:killed":{"born_in_chaos_v1:mr_pumpkin":9,"born_in_chaos_v1:zombie_lumberjack":1,"minecraft:spider":6,"enemyexpansion:equestrian":1,"sanitydim:rotting_stalker":2,"born_in_chaos_v1:thornshell_crab":4,"enemyexpansion:direwolf":5,"minecraft:zoglin":1,"born_in_chaos_v1:siamese_skeletonsright":1,"born_in_chaos_v1:maggot":17,"minecraft:skeleton":2,"minecraft:horse":1,"enemyexpansion:faller":1,"mowziesmobs:umvuthana_crane":1,"born_in_chaos_v1:skeleton_thrasher":1,"mowziesmobs:umvuthana":2,"born_in_chaos_v1:mr_pumpkin_controlled":1,"artifacts:mimic":1,"born_in_chaos_v1:felsteed":1,"born_in_chaos_v1:baby_skeleton":1,"minecraft:zombie_villager":1,"born_in_chaos_v1:swarmer":1,"enemyexpansion:sprinter":4,"mowziesmobs:umvuthana_follower_raptor":8,"minecraft:creeper":2,"born_in_chaos_v1:decrepit_skeleton":4,"minecraft:sheep":3,"minecraft:pillager":3,"born_in_chaos_v1:bloody_gadfly":1,"born_in_chaos_v1:zombie_fisherman":1,"enemyexpansion:meature":1,"minecraft:zombie":16,"born_in_chaos_v1:dread_hound":2,"enemyexpansion:vampire":1,"born_in_chaos_v1:corpse_fly":7,"enemyexpansion:huntsman":1,"minecraft:ghast":3,"minecraft:enderman":2,"mowziesmobs:umvuthana_raptor":1,"minecraft:cow":8,"enemyexpansion:slugger":2},"minecraft:dropped":{"minecraft:bread":21,"born_in_chaos_v1:shattered_skull":1,"minecraft:wheat_seeds":2,"minecraft:glass_bottle":5,"minecraft:iron_helmet":2,"minecraft:lead":2,"born_in_chaos_v1:pieceofdarkmetal":3,"minecraft:coal":23,"travelersbackpack:standard":1,"minecraft:item_frame":1,"minecraft:stick":3,"born_in_chaos_v1:pumpkin_staff":1,"mca:book_romance":1,"born_in_chaos_v1:river_mint":2,"minecraft:melon_slice":2,"minecraft:iron_axe":1,"artifacts:rooted_boots":1,"minecraft:stone_sword":2,"minecraft:rotten_flesh":2,"minecraft:oak_planks":49,"minecraft:white_bed":1,"minecraft:lily_of_the_valley":1,"minecraft:filled_map":1,"minecraft:flower_pot":1,"minecraft:iron_chestplate":1,"sanitydim:garland":2,"born_in_chaos_v1:corpse_maggot":2,"minecraft:golden_sword":1,"minecraft:brown_carpet":1,"minecraft:bow":2,"minecraft:stone_pickaxe":1,"minecraft:wooden_pickaxe":1,"travelersbackpack:hose":1,"born_in_chaos_v1:dark_rod":1,"minecraft:egg":1},"minecraft:mined":{"minecraft:tuff":5,"minecraft:stone_pressure_plate":1,"minecraft:white_bed":1,"minecraft:oak_sapling":1,"epicpaladins:cryorium_ore":1,"minecraft:stone_brick_wall":19,"travelersbackpack:red_sleeping_bag":2,"minecraft:granite":5,"born_in_chaos_v1:dark_metal_deposit":4,"minecraft:grass_block":31,"minecraft:acacia_slab":1,"minecraft:potted_bamboo":1,"minecraft:hay_block":38,"minecraft:furnace":1,"minecraft:red_sandstone":10,"minecraft:iron_ore":59,"minecraft:fire":10,"minecraft:andesite":5,"minecraft:pumpkin":44,"evilcraft:dark_ore":4,"minecraft:deepslate_lapis_ore":5,"minecraft:dirt_path":3,"minecraft:deepslate_iron_ore":12,"minecraft:stone":167,"minecraft:podzol":1,"minecraft:deepslate_redstone_ore":3,"minecraft:glass_pane":2,"epicpaladins:deepslate_bloodstone_ore":3,"quark:oak_chest":1,"minecraft:lily_of_the_valley":1,"minecraft:dandelion":16,"minecraft:oak_fence":1,"travelersbackpack:standard":1,"minecraft:crafting_table":2,"minecraft:torch":2,"minecraft:poppy":1,"minecraft:dead_bush":1,"minecraft:stone_slab":1,"minecraft:tall_grass":28,"minecraft:deepslate_gold_ore":7,"minecraft:lapis_ore":4,"minecraft:oak_planks":17,"minecraft:wall_torch":3,"minecraft:diorite":3,"minecraft:skeleton_skull":12,"minecraft:cactus":14,"minecraft:blue_terracotta":1,"minecraft:birch_log":7,"born_in_chaos_v1:river_mint":2,"minecraft:tnt":1,"minecraft:grass":80,"minecraft:coal_ore":136,"minecraft:oak_log":102,"evilcraft:blood_stain":1,"minecraft:gravel":3,"minecraft:dirt":27,"minecraft:sand":42,"minecraft:acacia_planks":1,"minecraft:stone_bricks":3,"minecraft:gold_ore":13,"minecraft:oak_leaves":21,"epicpaladins:arclight_ore":30,"minecraft:deepslate":6},"minecraft:crafted":{"minecraft:oak_planks":160,"travelersbackpack:crafting_upgrade":1,"travelersbackpack:hose_nozzle":1,"born_in_chaos_v1:spiny_shell_armor_chestplate":1,"minecraft:furnace":3,"minecraft:bone_meal":45,"sanitydim:garland":2,"travelersbackpack:blank_upgrade":4,"minecraft:green_dye":7,"minecraft:glass":27,"born_in_chaos_v1:spiny_shell_armor_helmet":1,"travelersbackpack:white_sleeping_bag":1,"born_in_chaos_v1:bone_handle":2,"minecraft:iron_axe":1,"minecraft:stone_pickaxe":1,"minecraft:lead":2,"minecraft:wheat":336,"travelersbackpack:hose":1,"minecraft:red_dye":1,"minecraft:crafting_table":5,"travelersbackpack:backpack_tank":4,"minecraft:wooden_pickaxe":1,"travelersbackpack:standard":2,"minecraft:iron_sword":1,"minecraft:stripped_oak_wood":3,"minecraft:bucket":1,"minecraft:pumpkin_seeds":144,"minecraft:stone_axe":1,"born_in_chaos_v1:shell_mace":1,"minecraft:bread":116,"minecraft:air":0,"travelersbackpack:red_sleeping_bag":1,"minecraft:shield":1,"minecraft:stick":56,"quark:oak_chest":9,"minecraft:iron_ingot":25,"minecraft:iron_pickaxe":1,"minecraft:stone_sword":1,"minecraft:gold_ingot":13,"minecraft:torch":178},"minecraft:killed_by":{"sanitydim:sneaking_terror":1},"minecraft:picked_up":{"minecraft:crafting_table":2,"born_in_chaos_v1:river_mint":2,"minecraft:flower_pot":3,"minecraft:stone_brick_wall":19,"minecraft:golden_sword":1,"born_in_chaos_v1:holiday_candy":16,"evilcraft:ender_tear":1,"minecraft:iron_axe":1,"minecraft:string":2,"minecraft:item_frame":1,"epicpaladins:bloodstone_gem":3,"minecraft:iron_shovel":1,"minecraft:cobbled_deepslate":5,"artifacts:aqua_dashers":1,"minecraft:beef":20,"minecraft:poppy":1,"minecraft:mangrove_log":1,"minecraft:egg":6,"minecraft:stick":8,"minecraft:raw_iron":69,"born_in_chaos_v1:shattered_skull":1,"epicpaladins:arclight_gem":29,"minecraft:oak_fence":1,"minecraft:torch":7,"tombstone:grave_dust":6,"minecraft:diorite":4,"born_in_chaos_v1:pieceofdarkmetal":7,"minecraft:carrot":1,"minecraft:redstone":13,"minecraft:stone_pressure_plate":1,"travelersbackpack:hose":1,"minecraft:brown_carpet":1,"minecraft:stone_sword":1,"minecraft:cactus":20,"minecraft:arrow":2,"minecraft:rotten_flesh":34,"epicpaladins:cryorium_gem":1,"artifacts:villager_hat":1,"minecraft:hay_block":38,"born_in_chaos_v1:spiny_shell":20,"minecraft:mutton":3,"minecraft:skeleton_skull":12,"minecraft:white_wool":3,"minecraft:cobblestone":164,"minecraft:birch_log":7,"born_in_chaos_v1:corpse_maggot":18,"minecraft:feather":12,"born_in_chaos_v1:monster_flesh":1,"born_in_chaos_v1:pumpkin_staff":2,"minecraft:andesite":1,"minecraft:leather":17,"minecraft:tuff":4,"minecraft:oak_log":102,"minecraft:gunpowder":6,"sanitydim:garland":2,"minecraft:lapis_lazuli":59,"minecraft:dirt":47,"born_in_chaos_v1:monster_skin":1,"mowziesmobs:umvuthana_mask_rage":1,"minecraft:bone":12,"minecraft:acacia_planks":1,"born_in_chaos_v1:soul_cutlass":1,"minecraft:apple":1,"minecraft:stone_bricks":3,"minecraft:bow":3,"minecraft:red_sandstone":8,"minecraft:wheat_seeds":8,"minecraft:raw_gold":20,"minecraft:iron_ingot":3,"minecraft:bamboo":1,"minecraft:oak_planks":66,"mowziesmobs:umvuthana_mask_misery":3,"minecraft:green_dye":1,"artifacts:obsidian_skull":1,"minecraft:pumpkin":44,"artifacts:rooted_boots":1,"minecraft:dandelion":17,"minecraft:lava_bucket":1,"minecraft:gravel":1,"born_in_chaos_v1:dark_rod":1,"minecraft:sand":27,"minecraft:white_bed":2,"minecraft:dead_bush":1,"minecraft:lily_of_the_valley":1,"quark:oak_chest":1,"minecraft:spider_eye":2,"minecraft:bundle":2,"minecraft:iron_hoe":1,"travelersbackpack:standard":2,"minecraft:pumpkin_seeds":28,"minecraft:blue_terracotta":1,"minecraft:slime_ball":2,"born_in_chaos_v1:fire_dust":3,"evilcraft:dark_gem":20,"minecraft:iron_helmet":1,"minecraft:granite":5,"minecraft:emerald":4,"tombstone:magic_scroll":1,"minecraft:oak_sapling":35,"born_in_chaos_v1:rotten_fish":8,"minecraft:coal":137,"minecraft:ender_pearl":3},"minecraft:custom":{"minecraft:interact_with_smithing_table":3,"minecraft:mob_kills":136,"minecraft:interact_with_crafting_table":31,"minecraft:open_barrel":32,"minecraft:damage_dealt_resisted":2426,"minecraft:leave_game":3,"minecraft:time_since_death":339690,"minecraft:climb_one_cm":1401,"minecraft:damage_resisted":72,"minecraft:sprint_one_cm":1054455,"minecraft:walk_one_cm":933925,"minecraft:damage_blocked_by_shield":195,"minecraft:drop":48,"minecraft:talked_to_villager":1,"minecraft:play_time":357051,"minecraft:sneak_time":9308,"minecraft:deaths":1,"minecraft:walk_under_water_one_cm":15391,"minecraft:jump":5668,"minecraft:interact_with_blast_furnace":2,"minecraft:walk_on_water_one_cm":21025,"minecraft:total_world_time":357051,"minecraft:interact_with_furnace":35,"tombstone:raider_killed":3,"minecraft:raid_trigger":1,"minecraft:sleep_in_bed":14,"minecraft:time_since_rest":35263,"minecraft:damage_taken":3448,"minecraft:damage_absorbed":79,"minecraft:trigger_trapped_chest":3,"minecraft:damage_dealt":22073,"minecraft:swim_one_cm":49732,"minecraft:fly_one_cm":1359872,"minecraft:open_chest":115,"minecraft:crouch_one_cm":20149,"tombstone:undead_killed":40,"minecraft:interact_with_smoker":4,"minecraft:fall_one_cm":135317,"minecraft:inspect_dispenser":1}},"DataVersion":3465}