{"stats":{"minecraft:broken":{"minecraft:iron_pickaxe":1},"minecraft:killed":{"born_in_chaos_v1:mr_pumpkin":9,"born_in_chaos_v1:zombie_lumberjack":1,"enemyexpansion:equestrian":1,"minecraft:spider":5,"enemyexpansion:direwolf":4,"minecraft:zoglin":1,"born_in_chaos_v1:siamese_skeletonsright":1,"born_in_chaos_v1:maggot":17,"minecraft:skeleton":1,"minecraft:horse":1,"enemyexpansion:faller":1,"artifacts:mimic":1,"born_in_chaos_v1:felsteed":1,"minecraft:zombie_villager":1,"born_in_chaos_v1:swarmer":1,"enemyexpansion:sprinter":3,"mowziesmobs:umvuthana_follower_raptor":5,"minecraft:creeper":2,"born_in_chaos_v1:decrepit_skeleton":1,"minecraft:sheep":3,"born_in_chaos_v1:zombie_fisherman":1,"born_in_chaos_v1:bloody_gadfly":1,"minecraft:pillager":1,"enemyexpansion:meature":1,"minecraft:zombie":16,"born_in_chaos_v1:dread_hound":1,"enemyexpansion:vampire":1,"born_in_chaos_v1:corpse_fly":7,"minecraft:ghast":3,"enemyexpansion:huntsman":1,"minecraft:cow":4,"enemyexpansion:slugger":2},"minecraft:mined":{"minecraft:tuff":5,"minecraft:stone_pressure_plate":1,"minecraft:white_bed":1,"minecraft:oak_sapling":1,"epicpaladins:cryorium_ore":1,"minecraft:granite":5,"born_in_chaos_v1:dark_metal_deposit":4,"travelersbackpack:red_sleeping_bag":2,"minecraft:grass_block":30,"minecraft:stone_brick_wall":19,"minecraft:acacia_slab":1,"minecraft:potted_bamboo":1,"minecraft:hay_block":38,"minecraft:furnace":1,"minecraft:red_sandstone":10,"minecraft:iron_ore":58,"minecraft:fire":7,"minecraft:pumpkin":29,"minecraft:andesite":5,"evilcraft:dark_ore":4,"minecraft:deepslate_lapis_ore":5,"minecraft:deepslate_iron_ore":12,"minecraft:dirt_path":3,"minecraft:stone":145,"minecraft:deepslate_redstone_ore":3,"minecraft:glass_pane":2,"epicpaladins:deepslate_bloodstone_ore":3,"quark:oak_chest":1,"minecraft:lily_of_the_valley":1,"minecraft:dandelion":8,"travelersbackpack:standard":1,"minecraft:oak_fence":1,"minecraft:crafting_table":2,"minecraft:torch":2,"minecraft:poppy":1,"minecraft:dead_bush":1,"minecraft:stone_slab":1,"minecraft:tall_grass":27,"minecraft:deepslate_gold_ore":7,"minecraft:lapis_ore":4,"minecraft:oak_planks":17,"minecraft:diorite":3,"minecraft:wall_torch":3,"minecraft:cactus":14,"minecraft:blue_terracotta":1,"minecraft:birch_log":7,"minecraft:tnt":1,"born_in_chaos_v1:river_mint":2,"minecraft:grass":50,"minecraft:oak_log":102,"minecraft:coal_ore":106,"evilcraft:blood_stain":1,"minecraft:gravel":3,"minecraft:sand":42,"minecraft:dirt":21,"minecraft:acacia_planks":1,"minecraft:stone_bricks":3,"minecraft:gold_ore":13,"minecraft:deepslate":6,"minecraft:oak_leaves":18,"epicpaladins:arclight_ore":30},"minecraft:picked_up":{"minecraft:crafting_table":2,"born_in_chaos_v1:river_mint":2,"minecraft:flower_pot":3,"minecraft:stone_brick_wall":19,"born_in_chaos_v1:holiday_candy":16,"minecraft:string":2,"epicpaladins:bloodstone_gem":3,"minecraft:item_frame":1,"minecraft:iron_shovel":1,"minecraft:cobbled_deepslate":5,"artifacts:aqua_dashers":1,"minecraft:beef":14,"minecraft:poppy":1,"minecraft:mangrove_log":1,"minecraft:egg":4,"minecraft:stick":8,"minecraft:raw_iron":68,"epicpaladins:arclight_gem":29,"minecraft:oak_fence":1,"minecraft:torch":7,"tombstone:grave_dust":4,"minecraft:diorite":4,"born_in_chaos_v1:pieceofdarkmetal":4,"minecraft:carrot":1,"minecraft:redstone":13,"minecraft:stone_pressure_plate":1,"minecraft:brown_carpet":1,"epicpaladins:cryorium_gem":1,"minecraft:arrow":2,"minecraft:stone_sword":1,"minecraft:cactus":20,"minecraft:rotten_flesh":29,"artifacts:villager_hat":1,"minecraft:hay_block":38,"minecraft:mutton":3,"minecraft:cobblestone":142,"minecraft:white_wool":3,"minecraft:birch_log":7,"born_in_chaos_v1:corpse_maggot":17,"minecraft:feather":3,"born_in_chaos_v1:pumpkin_staff":2,"minecraft:andesite":1,"minecraft:leather":11,"minecraft:tuff":4,"minecraft:oak_log":102,"minecraft:gunpowder":6,"sanitydim:garland":1,"minecraft:lapis_lazuli":59,"minecraft:dirt":38,"minecraft:bone":3,"born_in_chaos_v1:soul_cutlass":1,"minecraft:acacia_planks":1,"minecraft:apple":1,"minecraft:stone_bricks":3,"minecraft:bow":3,"minecraft:red_sandstone":8,"minecraft:wheat_seeds":7,"minecraft:raw_gold":20,"minecraft:iron_ingot":3,"minecraft:bamboo":1,"mowziesmobs:umvuthana_mask_misery":1,"minecraft:oak_planks":66,"minecraft:green_dye":1,"artifacts:obsidian_skull":1,"minecraft:pumpkin":29,"artifacts:rooted_boots":1,"minecraft:dandelion":9,"minecraft:gravel":1,"minecraft:sand":27,"minecraft:lily_of_the_valley":1,"minecraft:dead_bush":1,"minecraft:white_bed":2,"minecraft:spider_eye":2,"quark:oak_chest":1,"minecraft:bundle":2,"travelersbackpack:standard":2,"minecraft:iron_hoe":1,"minecraft:pumpkin_seeds":28,"minecraft:blue_terracotta":1,"minecraft:slime_ball":2,"born_in_chaos_v1:fire_dust":3,"evilcraft:dark_gem":20,"minecraft:iron_helmet":1,"minecraft:granite":5,"minecraft:emerald":4,"born_in_chaos_v1:rotten_fish":1,"tombstone:magic_scroll":1,"minecraft:oak_sapling":34,"minecraft:coal":107},"minecraft:used":{"minecraft:stone_sword":130,"minecraft:iron_shovel":76,"minecraft:shield":6,"minecraft:iron_sword":120,"minecraft:iron_chestplate":1,"minecraft:torch":178,"minecraft:dirt":16,"born_in_chaos_v1:soul_cutlass":95,"artifacts:onion_ring":1,"minecraft:iron_hoe":17,"born_in_chaos_v1:corpse_maggot":1,"minecraft:iron_axe":142,"minecraft:iron_helmet":1,"minecraft:iron_boots":1,"minecraft:stone_bricks":3,"minecraft:golden_sword":20,"minecraft:oak_sapling":29,"minecraft:furnace":2,"travelersbackpack:hose":38,"tombstone:gift":2,"minecraft:egg":3,"minecraft:iron_leggings":1,"minecraft:water_bucket":3,"minecraft:diorite":3,"minecraft:stone_pickaxe":125,"minecraft:oak_planks":34,"minecraft:wooden_pickaxe":3,"minecraft:golden_apple":1,"minecraft:crafting_table":6,"born_in_chaos_v1:holiday_candy":3,"minecraft:white_bed":1,"minecraft:pumpkin_seeds":16,"minecraft:apple":1,"minecraft:bread":63,"born_in_chaos_v1:pumpkin_staff":1,"minecraft:iron_pickaxe":347,"minecraft:stone_axe":4,"minecraft:cobblestone":14,"travelersbackpack:standard":25,"minecraft:andesite":1,"minecraft:bucket":8,"quark:oak_chest":8,"minecraft:bone_meal":17},"minecraft:dropped":{"minecraft:bread":21,"minecraft:wheat_seeds":1,"minecraft:glass_bottle":5,"minecraft:iron_helmet":1,"travelersbackpack:standard":1,"minecraft:item_frame":1,"minecraft:stick":3,"born_in_chaos_v1:pumpkin_staff":1,"mca:book_romance":1,"born_in_chaos_v1:river_mint":2,"minecraft:melon_slice":2,"artifacts:rooted_boots":1,"minecraft:stone_sword":2,"minecraft:rotten_flesh":2,"minecraft:oak_planks":49,"minecraft:white_bed":1,"minecraft:filled_map":1,"minecraft:flower_pot":1,"sanitydim:garland":2,"minecraft:brown_carpet":1,"minecraft:bow":2,"minecraft:wooden_pickaxe":1,"minecraft:stone_pickaxe":1},"minecraft:crafted":{"minecraft:oak_planks":160,"travelersbackpack:crafting_upgrade":1,"travelersbackpack:hose_nozzle":1,"minecraft:furnace":3,"minecraft:bone_meal":45,"sanitydim:garland":1,"travelersbackpack:blank_upgrade":4,"minecraft:green_dye":7,"minecraft:glass":27,"travelersbackpack:white_sleeping_bag":1,"minecraft:iron_axe":1,"minecraft:stone_pickaxe":1,"minecraft:wheat":336,"travelersbackpack:hose":1,"minecraft:red_dye":1,"minecraft:crafting_table":5,"travelersbackpack:backpack_tank":4,"minecraft:wooden_pickaxe":1,"travelersbackpack:standard":2,"minecraft:iron_sword":1,"minecraft:stripped_oak_wood":3,"minecraft:bucket":1,"minecraft:pumpkin_seeds":116,"minecraft:stone_axe":1,"minecraft:bread":84,"minecraft:air":0,"travelersbackpack:red_sleeping_bag":1,"minecraft:shield":1,"minecraft:stick":56,"quark:oak_chest":9,"minecraft:iron_ingot":25,"minecraft:iron_pickaxe":1,"minecraft:gold_ingot":13,"minecraft:stone_sword":1,"minecraft:torch":172},"minecraft:killed_by":{"sanitydim:sneaking_terror":1},"minecraft:custom":{"minecraft:interact_with_smithing_table":3,"minecraft:mob_kills":103,"minecraft:interact_with_crafting_table":27,"minecraft:open_barrel":20,"minecraft:damage_dealt_resisted":647,"minecraft:leave_game":2,"minecraft:time_since_death":250176,"minecraft:climb_one_cm":633,"minecraft:sprint_one_cm":771805,"minecraft:walk_one_cm":647311,"minecraft:damage_blocked_by_shield":170,"minecraft:drop":31,"minecraft:talked_to_villager":1,"minecraft:play_time":267537,"minecraft:deaths":1,"minecraft:sneak_time":7447,"minecraft:walk_under_water_one_cm":13824,"minecraft:jump":3980,"minecraft:interact_with_blast_furnace":2,"minecraft:walk_on_water_one_cm":18133,"minecraft:total_world_time":267537,"minecraft:interact_with_furnace":32,"tombstone:raider_killed":1,"minecraft:raid_trigger":1,"minecraft:sleep_in_bed":12,"minecraft:time_since_rest":14333,"minecraft:damage_taken":2269,"minecraft:damage_absorbed":39,"minecraft:trigger_trapped_chest":3,"minecraft:damage_dealt":15788,"minecraft:swim_one_cm":43191,"minecraft:fly_one_cm":962251,"minecraft:open_chest":85,"minecraft:crouch_one_cm":18086,"tombstone:undead_killed":33,"minecraft:interact_with_smoker":2,"minecraft:fall_one_cm":102805,"minecraft:inspect_dispenser":1}},"DataVersion":3465}