{"stats":{"minecraft:custom":{"minecraft:interact_with_furnace":2,"minecraft:mob_kills":10,"minecraft:interact_with_crafting_table":4,"minecraft:open_barrel":4,"minecraft:damage_dealt_resisted":474,"minecraft:leave_game":2,"minecraft:time_since_death":17120,"minecraft:sleep_in_bed":2,"minecraft:time_since_rest":0,"minecraft:sprint_one_cm":119661,"minecraft:damage_taken":571,"minecraft:walk_one_cm":102343,"minecraft:drop":4,"minecraft:damage_dealt":3073,"minecraft:swim_one_cm":5890,"minecraft:talked_to_villager":1,"minecraft:fly_one_cm":113045,"minecraft:open_chest":15,"minecraft:deaths":1,"minecraft:crouch_one_cm":288,"minecraft:play_time":34481,"tombstone:undead_killed":1,"minecraft:sneak_time":99,"minecraft:walk_under_water_one_cm":2072,"minecraft:jump":479,"minecraft:walk_on_water_one_cm":949,"minecraft:total_world_time":34481,"minecraft:fall_one_cm":13058},"minecraft:picked_up":{"minecraft:crafting_table":2,"minecraft:oak_log":29,"minecraft:item_frame":1,"minecraft:iron_shovel":1,"minecraft:acacia_planks":1,"minecraft:apple":1,"minecraft:bow":1,"minecraft:wheat_seeds":1,"minecraft:iron_ingot":3,"minecraft:mangrove_log":1,"minecraft:stick":6,"minecraft:raw_iron":3,"minecraft:oak_fence":1,"minecraft:torch":2,"minecraft:brown_carpet":1,"minecraft:iron_hoe":1,"minecraft:arrow":1,"minecraft:rotten_flesh":2,"born_in_chaos_v1:fire_dust":2,"evilcraft:dark_gem":4,"minecraft:hay_block":38,"minecraft:emerald":3,"minecraft:oak_sapling":26,"minecraft:coal":11,"minecraft:cobblestone":20},"minecraft:mined":{"minecraft:oak_fence":1,"minecraft:crafting_table":2,"minecraft:torch":1,"minecraft:grass_block":5,"minecraft:tall_grass":4,"minecraft:acacia_slab":1,"minecraft:hay_block":38,"minecraft:iron_ore":4,"minecraft:fire":5,"evilcraft:dark_ore":1,"minecraft:grass":13,"minecraft:oak_log":28,"minecraft:coal_ore":11,"minecraft:dirt":5,"minecraft:acacia_planks":1,"minecraft:stone":20},"minecraft:dropped":{"minecraft:wheat_seeds":1,"minecraft:item_frame":1,"minecraft:filled_map":1,"minecraft:brown_carpet":1},"minecraft:crafted":{"minecraft:oak_planks":24,"minecraft:crafting_table":1,"minecraft:wooden_pickaxe":1,"minecraft:stone_axe":1,"minecraft:bread":21,"minecraft:stick":8,"minecraft:stone_pickaxe":1,"minecraft:stone_sword":1,"minecraft:torch":28,"minecraft:wheat":72},"minecraft:killed":{"born_in_chaos_v1:felsteed":1,"born_in_chaos_v1:mr_pumpkin":8,"born_in_chaos_v1:zombie_lumberjack":1},"minecraft:killed_by":{"sanitydim:sneaking_terror":1},"minecraft:used":{"minecraft:stone_sword":103,"minecraft:iron_shovel":10,"minecraft:stone_pickaxe":34,"minecraft:wooden_pickaxe":3,"minecraft:iron_chestplate":1,"minecraft:torch":12,"minecraft:crafting_table":3,"minecraft:apple":1,"minecraft:bread":7,"minecraft:iron_helmet":1,"minecraft:iron_boots":1,"minecraft:stone_axe":4,"minecraft:iron_leggings":1}},"DataVersion":3465}