{"stats":{"minecraft:custom":{"minecraft:interact_with_crafting_table":44,"minecraft:open_barrel":45,"minecraft:leave_game":4,"minecraft:time_since_death":119668,"minecraft:damage_resisted":72,"minecraft:sprint_one_cm":1553749,"minecraft:damage_blocked_by_shield":400,"minecraft:drop":82,"minecraft:talked_to_villager":1,"minecraft:play_time":543053,"minecraft:deaths":2,"minecraft:jump":7503,"minecraft:walk_on_water_one_cm":28299,"minecraft:interact_with_furnace":49,"minecraft:sleep_in_bed":23,"tombstone:sneak_grave":10,"minecraft:damage_dealt":32594,"minecraft:crouch_one_cm":47642,"tombstone:undead_killed":72,"minecraft:interact_with_smoker":4,"minecraft:inspect_dispenser":2,"minecraft:interact_with_smithing_table":8,"minecraft:mob_kills":235,"minecraft:damage_dealt_resisted":2663,"minecraft:climb_one_cm":1802,"minecraft:walk_one_cm":1535028,"minecraft:sneak_time":20108,"minecraft:walk_under_water_one_cm":15391,"minecraft:interact_with_blast_furnace":2,"minecraft:total_world_time":543053,"tombstone:raider_killed":3,"minecraft:raid_trigger":1,"minecraft:time_since_rest":286,"minecraft:damage_taken":6549,"minecraft:damage_absorbed":79,"minecraft:trigger_trapped_chest":3,"minecraft:swim_one_cm":49732,"minecraft:fly_one_cm":1640900,"minecraft:open_chest":256,"minecraft:fall_one_cm":169619},"minecraft:picked_up":{"minecraft:wheat":1,"minecraft:flower_pot":3,"minecraft:smithing_table":1,"minecraft:golden_sword":2,"born_in_chaos_v1:holiday_candy":16,"minecraft:raw_copper":2,"minecraft:string":6,"evilcraft:ender_tear":1,"epicpaladins:bloodstone_gem":29,"minecraft:sea_pickle":1,"minecraft:cobbled_deepslate":113,"artifacts:aqua_dashers":1,"minecraft:netherite_upgrade_smithing_template":2,"minecraft:mangrove_log":1,"minecraft:furnace":1,"minecraft:stick":8,"born_in_chaos_v1:shattered_skull":1,"epicpaladins:arclight_gem":36,"mowziesmobs:sol_visage":1,"minecraft:oak_fence":1,"born_in_chaos_v1:phantom_powder":1,"minecraft:torch":50,"tombstone:grave_dust":8,"minecraft:diorite":33,"epicpaladins:moonlight_gem":4,"minecraft:brown_carpet":1,"evilcraft:box_of_eternal_closure":4,"minecraft:stone_sword":1,"minecraft:cactus":20,"minecraft:rotten_flesh":50,"epicpaladins:cryorium_gem":51,"artifacts:villager_hat":1,"minecraft:obsidian":8,"minecraft:cobblestone":345,"minecraft:birch_log":7,"minecraft:feather":13,"born_in_chaos_v1:spiritual_dust":3,"minecraft:andesite":6,"minecraft:flint":2,"minecraft:tuff":23,"evilcraft:flesh_humanoid":1,"minecraft:lapis_lazuli":161,"minecraft:dirt":75,"born_in_chaos_v1:monster_skin":1,"minecraft:bone":29,"minecraft:acacia_planks":1,"minecraft:bow":4,"minecraft:wheat_seeds":9,"minecraft:raw_gold":77,"minecraft:bamboo":1,"minecraft:oak_planks":71,"artifacts:rooted_boots":1,"minecraft:sand":27,"minecraft:dead_bush":1,"minecraft:lily_of_the_valley":1,"minecraft:bundle":2,"minecraft:iron_hoe":1,"minecraft:blue_terracotta":1,"born_in_chaos_v1:fire_dust":3,"minecraft:diamond":9,"minecraft:crossbow":1,"minecraft:granite":28,"minecraft:emerald":4,"epicpaladins:angel_sword":1,"minecraft:netherrack":46,"minecraft:oak_sapling":35,"born_in_chaos_v1:rotten_fish":10,"born_in_chaos_v1:diamond_termite_shard":4,"minecraft:crafting_table":2,"born_in_chaos_v1:river_mint":2,"born_in_chaos_v1:seedof_chaos":3,"minecraft:stone_brick_wall":19,"minecraft:gold_block":1,"minecraft:iron_axe":1,"born_in_chaos_v1:intoxicating_decoction":2,"minecraft:item_frame":2,"minecraft:iron_shovel":1,"minecraft:beef":20,"minecraft:poppy":1,"minecraft:egg":7,"minecraft:raw_iron":225,"born_in_chaos_v1:pieceofdarkmetal":9,"minecraft:carrot":85,"minecraft:redstone":23,"minecraft:stone_pressure_plate":1,"travelersbackpack:hose":2,"mowziesmobs:umvuthana_mask_faith":2,"minecraft:arrow":17,"minecraft:hay_block":38,"mowziesmobs:umvuthana_mask_bliss":1,"born_in_chaos_v1:spiny_shell":20,"minecraft:mutton":3,"minecraft:skeleton_skull":12,"minecraft:white_wool":3,"mowziesmobs:umvuthana_mask_fury":1,"born_in_chaos_v1:corpse_maggot":25,"born_in_chaos_v1:monster_flesh":1,"born_in_chaos_v1:pumpkin_staff":2,"minecraft:glow_ink_sac":1,"minecraft:leather":17,"born_in_chaos_v1:shell_mace":1,"minecraft:oak_log":102,"minecraft:gunpowder":25,"sanitydim:garland":2,"minecraft:cooked_mutton":6,"born_in_chaos_v1:soul_cutlass":1,"minecraft:apple":1,"minecraft:stone_bricks":3,"mowziesmobs:umvuthana_mask_rage":1,"minecraft:red_sandstone":8,"minecraft:iron_ingot":5,"tombstone:bag_of_seeds":1,"mowziesmobs:umvuthana_mask_misery":3,"minecraft:green_dye":1,"artifacts:obsidian_skull":1,"minecraft:smooth_basalt":1,"minecraft:pumpkin":96,"born_in_chaos_v1:orbofthe_summoner":1,"minecraft:dandelion":17,"minecraft:dripstone_block":1,"minecraft:gravel":14,"minecraft:lava_bucket":1,"born_in_chaos_v1:dark_rod":1,"minecraft:white_bed":2,"quark:oak_chest":1,"minecraft:spider_eye":3,"travelersbackpack:standard":2,"minecraft:pumpkin_seeds":31,"minecraft:slime_ball":2,"evilcraft:dark_gem":99,"minecraft:iron_helmet":1,"tombstone:magic_scroll":3,"minecraft:coal":151,"minecraft:ender_pearl":4},"minecraft:used":{"minecraft:iron_shovel":106,"born_in_chaos_v1:intoxicating_decoction":1,"minecraft:shield":17,"minecraft:iron_sword":146,"minecraft:iron_chestplate":2,"sanitydim:garland":3,"minecraft:carrot":12,"born_in_chaos_v1:soul_cutlass":95,"epicpaladins:arclight_sword":30,"minecraft:obsidian":8,"minecraft:glass":3,"born_in_chaos_v1:corpse_maggot":2,"minecraft:lava_bucket":1,"born_in_chaos_v1:spiny_shell_armor_chestplate":1,"minecraft:iron_helmet":1,"minecraft:stone_bricks":3,"minecraft:item_frame":1,"minecraft:golden_sword":28,"minecraft:furnace":3,"minecraft:oak_sapling":29,"minecraft:egg":3,"travelersbackpack:enderman":4,"mowziesmobs:foliaath_seed":3,"born_in_chaos_v1:spiny_shell_armor_helmet":2,"minecraft:diorite":3,"minecraft:stone_pickaxe":125,"minecraft:oak_planks":34,"minecraft:wooden_pickaxe":3,"minecraft:golden_apple":2,"born_in_chaos_v1:holiday_candy":10,"minecraft:pumpkin_seeds":17,"minecraft:firework_rocket":1,"minecraft:bread":118,"born_in_chaos_v1:pumpkin_staff":3,"born_in_chaos_v1:rotten_fish":1,"minecraft:smithing_table":1,"minecraft:andesite":1,"epicpaladins:angel_sword":39,"minecraft:bone_meal":17,"minecraft:stone_sword":130,"minecraft:flint_and_steel":1,"born_in_chaos_v1:shell_mace":184,"minecraft:netherrack":19,"minecraft:torch":506,"minecraft:dirt":24,"artifacts:onion_ring":1,"minecraft:granite":1,"minecraft:iron_hoe":18,"minecraft:iron_axe":216,"minecraft:iron_boots":1,"evilcraft:box_of_eternal_closure":4,"minecraft:golden_carrot":6,"minecraft:beef":6,"travelersbackpack:hose":71,"tombstone:gift":5,"minecraft:cooked_beef":14,"minecraft:cobbled_deepslate":1,"minecraft:iron_leggings":1,"minecraft:cooked_mutton":1,"minecraft:water_bucket":3,"minecraft:cobblestone_slab":3,"minecraft:crafting_table":6,"minecraft:white_bed":1,"tombstone:bag_of_seeds":1,"minecraft:diamond_pickaxe":487,"minecraft:apple":1,"minecraft:iron_pickaxe":673,"tombstone:magic_scroll":1,"mowziesmobs:sol_visage":1,"minecraft:stone_axe":4,"minecraft:cobblestone":36,"travelersbackpack:standard":37,"minecraft:bucket":9,"quark:oak_chest":8,"minecraft:sea_pickle":1},"minecraft:broken":{"minecraft:iron_boots":1,"minecraft:iron_leggings":1,"sanitydim:garland":2,"minecraft:golden_sword":1,"minecraft:iron_pickaxe":2},"minecraft:killed":{"born_in_chaos_v1:zombie_clown":1,"born_in_chaos_v1:mr_pumpkin":9,"born_in_chaos_v1:zombie_lumberjack":1,"enemyexpansion:equestrian":1,"minecraft:spider":8,"mowziesmobs:umvuthi":1,"born_in_chaos_v1:siamese_skeletonsright":1,"born_in_chaos_v1:baby_skeleton_minion":1,"quark:forgotten":2,"minecraft:skeleton":8,"mowziesmobs:umvuthana_crane":2,"born_in_chaos_v1:skeleton_thrasher":1,"minecraft:silverfish":2,"minecraft:piglin_brute":1,"enemyexpansion:vampflyer":3,"artifacts:mimic":1,"minecraft:piglin":10,"born_in_chaos_v1:bonescaller":2,"born_in_chaos_v1:diamond_termite":1,"minecraft:zombie_villager":1,"minecraft:creeper":4,"minecraft:sheep":3,"born_in_chaos_v1:zombie_fisherman":1,"minecraft:pillager":3,"enemyexpansion:meature":1,"minecraft:zombie":24,"born_in_chaos_v1:dread_hound":2,"enemyexpansion:vampire":2,"born_in_chaos_v1:corpse_fly":13,"minecraft:ghast":3,"born_in_chaos_v1:door_knight":1,"mowziesmobs:umvuthana_raptor":1,"minecraft:cow":8,"enemyexpansion:intruder":1,"sanitydim:rotting_stalker":2,"born_in_chaos_v1:thornshell_crab":4,"enemyexpansion:direwolf":10,"minecraft:zoglin":1,"born_in_chaos_v1:zombie_bruiser":1,"born_in_chaos_v1:maggot":21,"minecraft:horse":1,"enemyexpansion:faller":1,"enemyexpansion:silverqueen":1,"mowziesmobs:umvuthana":3,"born_in_chaos_v1:mr_pumpkin_controlled":2,"born_in_chaos_v1:barrel_zombie":2,"born_in_chaos_v1:felsteed":1,"born_in_chaos_v1:baby_skeleton":1,"born_in_chaos_v1:swarmer":2,"enemyexpansion:sprinter":5,"mowziesmobs:umvuthana_follower_raptor":8,"born_in_chaos_v1:decrepit_skeleton":5,"born_in_chaos_v1:phantom_creeper_copy":1,"born_in_chaos_v1:bloody_gadfly":2,"enemyexpansion:huntsman":1,"minecraft:enderman":2,"enemyexpansion:slugger":3},"minecraft:mined":{"minecraft:stone_pressure_plate":1,"minecraft:white_bed":1,"minecraft:oak_sapling":1,"epicpaladins:cryorium_ore":10,"minecraft:obsidian":8,"minecraft:granite":31,"travelersbackpack:red_sleeping_bag":2,"minecraft:grass_block":31,"born_in_chaos_v1:dark_metal_deposit":4,"minecraft:stone_brick_wall":19,"epicpaladins:moonlight_ore":4,"minecraft:iron_ore":119,"minecraft:fire":10,"minecraft:pumpkin":83,"minecraft:deepslate_lapis_ore":15,"minecraft:dirt_path":3,"minecraft:deepslate_redstone_ore":5,"born_in_chaos_v1:infected_deepslate_diamond_ore":3,"minecraft:torch":6,"minecraft:poppy":1,"minecraft:dead_bush":1,"minecraft:cobblestone":2,"minecraft:oak_planks":22,"minecraft:wall_torch":5,"minecraft:skeleton_skull":12,"minecraft:warped_nylium":14,"minecraft:blue_terracotta":1,"minecraft:birch_log":7,"evilcraft:dark_ore_deepslate":15,"epicpaladins:deepslate_cryorium_ore":44,"born_in_chaos_v1:river_mint":2,"minecraft:tnt":1,"minecraft:grass":83,"minecraft:oak_log":102,"minecraft:sand":42,"minecraft:dirt":55,"minecraft:netherrack":33,"minecraft:oak_leaves":21,"epicpaladins:arclight_ore":30,"minecraft:deepslate":92,"minecraft:tuff":23,"minecraft:deepslate_diamond_ore":9,"minecraft:acacia_slab":1,"minecraft:potted_bamboo":1,"epicpaladins:deepslate_arclight_ore":7,"minecraft:hay_block":38,"minecraft:furnace":2,"minecraft:carrots":12,"minecraft:red_sandstone":10,"evilcraft:box_of_eternal_closure":1,"minecraft:andesite":10,"evilcraft:dark_ore":6,"minecraft:gold_block":1,"minecraft:deepslate_iron_ore":69,"minecraft:rail":1,"minecraft:stone":346,"minecraft:smithing_table":1,"minecraft:podzol":1,"minecraft:glass_pane":2,"epicpaladins:deepslate_bloodstone_ore":19,"quark:oak_chest":1,"minecraft:lily_of_the_valley":1,"minecraft:dandelion":16,"travelersbackpack:standard":1,"minecraft:oak_fence":1,"minecraft:crafting_table":2,"minecraft:stone_slab":1,"minecraft:copper_ore":1,"minecraft:tall_grass":29,"minecraft:lapis_ore":12,"minecraft:deepslate_gold_ore":59,"minecraft:diorite":32,"epicpaladins:bloodstone_ore":8,"minecraft:cactus":14,"minecraft:coal_ore":150,"quark:monster_box":1,"evilcraft:blood_stain":1,"minecraft:gravel":18,"minecraft:dripstone_block":1,"minecraft:acacia_planks":1,"minecraft:stone_bricks":3,"minecraft:gold_ore":22},"minecraft:killed_by":{"sanitydim:sneaking_terror":1,"enemyexpansion:invisicreeper":1},"minecraft:crafted":{"epicpaladins:arclight_sword":1,"minecraft:oak_planks":160,"minecraft:cobblestone_slab":6,"travelersbackpack:crafting_upgrade":1,"travelersbackpack:hose_nozzle":1,"born_in_chaos_v1:spiny_shell_armor_chestplate":1,"travelersbackpack:enderman":3,"minecraft:cooked_mutton":3,"minecraft:green_dye":7,"minecraft:glass":27,"epicpaladins:angel_sword":1,"minecraft:iron_boots":1,"minecraft:crafting_table":6,"minecraft:wooden_pickaxe":1,"travelersbackpack:standard":2,"minecraft:birch_planks":28,"minecraft:pumpkin_seeds":384,"travelersbackpack:red_sleeping_bag":1,"minecraft:diamond_pickaxe":1,"minecraft:shield":1,"quark:oak_chest":9,"minecraft:stick":132,"minecraft:iron_ingot":93,"minecraft:iron_pickaxe":2,"minecraft:stone_sword":1,"minecraft:gold_ingot":13,"minecraft:furnace":4,"minecraft:bone_meal":45,"sanitydim:garland":2,"travelersbackpack:blank_upgrade":4,"travelersbackpack:gold_tier_upgrade":1,"born_in_chaos_v1:spiny_shell_armor_helmet":1,"epicpaladins:arclight_template":1,"travelersbackpack:white_sleeping_bag":1,"born_in_chaos_v1:bone_handle":2,"minecraft:iron_axe":1,"minecraft:stone_pickaxe":1,"minecraft:lead":2,"minecraft:wheat":336,"travelersbackpack:hose":1,"minecraft:cooked_beef":14,"minecraft:red_dye":1,"travelersbackpack:backpack_tank":4,"minecraft:iron_sword":1,"minecraft:stripped_oak_wood":3,"minecraft:bucket":1,"minecraft:stone_axe":1,"born_in_chaos_v1:shell_mace":1,"minecraft:bread":116,"minecraft:air":0,"minecraft:iron_leggings":1,"minecraft:torch":474},"minecraft:dropped":{"minecraft:glass_bottle":5,"minecraft:diamond":7,"mowziesmobs:umvuthana_mask_faith":2,"born_in_chaos_v1:pieceofdarkmetal":3,"travelersbackpack:standard":1,"minecraft:item_frame":1,"born_in_chaos_v1:monster_flesh":1,"mowziesmobs:umvuthana_mask_bliss":1,"mowziesmobs:umvuthana_mask_rage":1,"minecraft:cobbled_deepslate":5,"minecraft:wheat":2,"minecraft:rotten_flesh":5,"minecraft:oak_planks":49,"minecraft:cooked_mutton":7,"minecraft:white_bed":1,"evilcraft:flesh_humanoid":1,"born_in_chaos_v1:corpse_maggot":2,"minecraft:netherrack":1,"born_in_chaos_v1:dark_rod":1,"minecraft:egg":1,"minecraft:bread":21,"born_in_chaos_v1:shattered_skull":1,"minecraft:wheat_seeds":4,"minecraft:iron_helmet":2,"minecraft:lead":2,"minecraft:coal":23,"minecraft:stick":3,"born_in_chaos_v1:pumpkin_staff":1,"mca:book_romance":1,"born_in_chaos_v1:river_mint":2,"artifacts:obsidian_skull":1,"minecraft:melon_slice":2,"epicpaladins:angel_sword":1,"minecraft:iron_axe":1,"born_in_chaos_v1:shell_mace":1,"artifacts:rooted_boots":1,"minecraft:stone_sword":2,"born_in_chaos_v1:rotten_fish":2,"minecraft:lily_of_the_valley":1,"minecraft:filled_map":1,"minecraft:flower_pot":1,"mowziesmobs:umvuthana_mask_misery":2,"minecraft:iron_chestplate":1,"evilcraft:ender_tear":1,"sanitydim:garland":2,"minecraft:oak_sapling":1,"minecraft:golden_sword":1,"minecraft:brown_carpet":1,"minecraft:bow":2,"minecraft:stone_pickaxe":1,"minecraft:wooden_pickaxe":1,"travelersbackpack:hose":2}},"DataVersion":3465}