{"stats":{"minecraft:picked_up":{"minecraft:rotten_flesh":2},"minecraft:dropped":{"minecraft:rotten_flesh":2,"mca:book_romance":1},"minecraft:custom":{"minecraft:jump":56,"minecraft:open_chest":4,"minecraft:time_since_rest":5181,"minecraft:sprint_one_cm":3565,"minecraft:play_time":5181,"minecraft:damage_taken":30,"minecraft:time_since_death":5181,"minecraft:walk_one_cm":17862,"minecraft:total_world_time":5181,"minecraft:drop":3,"minecraft:fall_one_cm":1426,"minecraft:fly_one_cm":6809}},"DataVersion":3465}