{"stats":{"minecraft:killed":{"minecraft:skeleton":1},"minecraft:broken":{"minecraft:stone_pickaxe":1,"sanitydim:garland":2},"minecraft:mined":{"minecraft:white_bed":1,"minecraft:iron_ore":4,"minecraft:andesite":3,"minecraft:granite":1,"minecraft:grass":6,"minecraft:coal_ore":90,"minecraft:grass_block":6,"minecraft:oak_log":7,"minecraft:poppy":2,"minecraft:dirt":5,"minecraft:cobblestone":3,"minecraft:lapis_ore":1,"minecraft:stone":22,"minecraft:diorite":5,"minecraft:wall_torch":2},"minecraft:picked_up":{"born_in_chaos_v1:corpse_maggot":2,"minecraft:raw_iron":3,"minecraft:wheat":1,"minecraft:andesite":3,"minecraft:torch":2,"minecraft:oak_log":7,"minecraft:diorite":5,"minecraft:white_bed":1,"sanitydim:garland":2,"minecraft:lapis_lazuli":9,"minecraft:dirt":11,"minecraft:item_frame":1,"minecraft:arrow":2,"minecraft:bone":3,"minecraft:rotten_flesh":7,"minecraft:wheat_seeds":2,"minecraft:iron_ingot":2,"minecraft:granite":1,"minecraft:bread":21,"minecraft:poppy":2,"minecraft:coal":170,"minecraft:cobblestone":24},"minecraft:dropped":{"mca:book_romance":1,"minecraft:wheat_seeds":2,"minecraft:wheat":1,"minecraft:rotten_flesh":2,"minecraft:coal":81},"minecraft:used":{"minecraft:oak_log":1,"minecraft:diorite":5,"minecraft:stone_pickaxe":133,"minecraft:bread":26,"minecraft:poppy":2,"minecraft:item_frame":2,"minecraft:torch":6,"minecraft:dirt":11,"minecraft:cobblestone":24,"minecraft:bucket":1,"minecraft:andesite":3,"minecraft:white_bed":1,"minecraft:granite":1},"minecraft:crafted":{"minecraft:oak_planks":4,"minecraft:stick":8,"minecraft:iron_ingot":3,"minecraft:torch":32},"minecraft:custom":{"minecraft:time_since_rest":9674,"minecraft:interact_with_furnace":2,"minecraft:sprint_one_cm":179624,"minecraft:damage_taken":825,"minecraft:walk_one_cm":193977,"minecraft:mob_kills":3,"minecraft:drop":8,"minecraft:damage_dealt":283,"minecraft:interact_with_crafting_table":2,"minecraft:swim_one_cm":5992,"minecraft:fly_one_cm":272591,"minecraft:open_chest":16,"tombstone:undead_killed":1,"minecraft:crouch_one_cm":617,"minecraft:play_time":54182,"minecraft:sneak_time":546,"minecraft:walk_under_water_one_cm":4588,"minecraft:jump":1292,"minecraft:leave_game":1,"minecraft:time_since_death":54182,"minecraft:walk_on_water_one_cm":4039,"minecraft:sleep_in_bed":4,"minecraft:climb_one_cm":1193,"minecraft:total_world_time":54182,"minecraft:fall_one_cm":42915}},"DataVersion":3465}