{"stats":{"minecraft:broken":{"minecraft:stone_pickaxe":1,"sanitydim:garland":2},"minecraft:mined":{"minecraft:white_bed":1,"minecraft:iron_ore":4,"minecraft:andesite":3,"minecraft:granite":1,"minecraft:grass":4,"minecraft:coal_ore":90,"minecraft:grass_block":6,"minecraft:oak_log":2,"minecraft:poppy":2,"minecraft:dirt":5,"minecraft:cobblestone":3,"minecraft:lapis_ore":1,"minecraft:stone":22,"minecraft:diorite":5,"minecraft:wall_torch":2},"minecraft:picked_up":{"minecraft:raw_iron":3,"minecraft:andesite":3,"minecraft:torch":2,"minecraft:oak_log":2,"minecraft:diorite":5,"minecraft:white_bed":1,"sanitydim:garland":2,"minecraft:lapis_lazuli":9,"minecraft:dirt":11,"minecraft:rotten_flesh":5,"minecraft:granite":1,"minecraft:bread":21,"minecraft:poppy":2,"minecraft:coal":89,"minecraft:cobblestone":24},"minecraft:dropped":{"mca:book_romance":1,"minecraft:rotten_flesh":2},"minecraft:used":{"minecraft:oak_log":1,"minecraft:diorite":5,"minecraft:stone_pickaxe":133,"minecraft:bread":18,"minecraft:poppy":2,"minecraft:torch":6,"minecraft:dirt":11,"minecraft:cobblestone":24,"minecraft:andesite":1,"minecraft:white_bed":1,"minecraft:granite":1},"minecraft:crafted":{"minecraft:oak_planks":4,"minecraft:stick":8,"minecraft:torch":32},"minecraft:custom":{"minecraft:time_since_rest":14333,"minecraft:sprint_one_cm":142318,"minecraft:damage_taken":485,"minecraft:walk_one_cm":135220,"minecraft:mob_kills":1,"minecraft:drop":3,"minecraft:damage_dealt":113,"minecraft:swim_one_cm":5992,"minecraft:fly_one_cm":226706,"minecraft:open_chest":12,"minecraft:crouch_one_cm":506,"minecraft:play_time":41181,"minecraft:sneak_time":262,"minecraft:walk_under_water_one_cm":4588,"minecraft:jump":1038,"minecraft:time_since_death":41181,"minecraft:walk_on_water_one_cm":3820,"minecraft:sleep_in_bed":3,"minecraft:climb_one_cm":1193,"minecraft:total_world_time":41181,"minecraft:fall_one_cm":34006}},"DataVersion":3465}