{"stats":{"minecraft:picked_up":{"minecraft:rotten_flesh":5,"minecraft:oak_log":2,"minecraft:poppy":2,"minecraft:white_bed":1,"sanitydim:garland":1,"minecraft:coal":51,"minecraft:dirt":9,"minecraft:cobblestone":1},"minecraft:mined":{"minecraft:grass":3,"minecraft:poppy":2,"minecraft:grass_block":5,"minecraft:oak_log":2,"minecraft:coal_ore":52,"minecraft:white_bed":1,"minecraft:dirt":4,"minecraft:stone":1},"minecraft:dropped":{"minecraft:rotten_flesh":2,"mca:book_romance":1},"minecraft:used":{"minecraft:oak_log":1,"minecraft:dirt":7,"minecraft:cobblestone":1,"minecraft:bread":11,"minecraft:stone_pickaxe":53,"minecraft:poppy":2,"minecraft:white_bed":1},"minecraft:custom":{"minecraft:time_since_rest":2333,"minecraft:open_chest":12,"minecraft:crouch_one_cm":360,"minecraft:play_time":29181,"minecraft:sprint_one_cm":115870,"minecraft:damage_taken":250,"minecraft:walk_one_cm":101771,"minecraft:sneak_time":150,"minecraft:drop":3,"minecraft:jump":731,"minecraft:damage_dealt":8,"minecraft:time_since_death":29181,"minecraft:sleep_in_bed":3,"minecraft:total_world_time":29181,"minecraft:climb_one_cm":1193,"minecraft:fall_one_cm":22785,"minecraft:fly_one_cm":175280}},"DataVersion":3465}