{"stats":{"minecraft:picked_up":{"minecraft:rotten_flesh":2,"minecraft:oak_log":2,"minecraft:coal":42,"minecraft:dirt":4,"minecraft:cobblestone":1},"minecraft:mined":{"minecraft:grass_block":2,"minecraft:oak_log":2,"minecraft:coal_ore":42,"minecraft:dirt":2,"minecraft:stone":1},"minecraft:used":{"minecraft:dirt":3,"minecraft:cobblestone":1,"minecraft:bread":4,"minecraft:stone_pickaxe":43},"minecraft:dropped":{"minecraft:rotten_flesh":2,"mca:book_romance":1},"minecraft:custom":{"minecraft:time_since_rest":9876,"minecraft:open_chest":9,"minecraft:crouch_one_cm":301,"minecraft:play_time":17181,"minecraft:sprint_one_cm":51418,"minecraft:damage_taken":70,"minecraft:walk_one_cm":49431,"minecraft:sneak_time":80,"minecraft:drop":3,"minecraft:jump":369,"minecraft:damage_dealt":4,"minecraft:time_since_death":17181,"minecraft:sleep_in_bed":2,"minecraft:total_world_time":17181,"minecraft:climb_one_cm":597,"minecraft:fall_one_cm":11089,"minecraft:fly_one_cm":84596}},"DataVersion":3465}