{"stats":{"minecraft:killed_by":{"minecraft:piglin_brute":3,"alexscaves:brainiac":1,"mowziesmobs:ferrous_wroughtnaut":5},"minecraft:picked_up":{"minecraft:iron_chestplate":3,"alexscaves:waste_drum":1,"minecraft:wheat":170,"alexscaves:radgill":2,"minecraft:flower_pot":1,"minecraft:smithing_table":1,"alexscaves:unrefined_waste":2,"minecraft:potion":1,"minecraft:brewing_stand":1,"minecraft:raw_copper":10,"born_in_chaos_v1:black_argillite":1,"minecraft:polished_blackstone_brick_stairs":1,"minecraft:string":6,"minecraft:iron_leggings":3,"minecraft:armor_stand":4,"epicpaladins:bloodstone_gem":9,"minecraft:pufferfish":1,"minecraft:experience_bottle":3,"minecraft:beetroot":1,"minecraft:gold_nugget":6,"minecraft:cobbled_deepslate":112,"minecraft:netherite_upgrade_smithing_template":1,"minecraft:coal_block":30,"minecraft:furnace":2,"minecraft:iron_boots":3,"minecraft:golden_helmet":1,"minecraft:stick":18,"born_in_chaos_v1:shattered_skull":2,"minecraft:jukebox":1,"quark:glow_shroom_ring":4,"epicpaladins:arclight_gem":6,"mowziesmobs:sol_visage":1,"minecraft:oak_fence":2,"minecraft:torch":100,"minecraft:acacia_log":57,"minecraft:porkchop":11,"minecraft:music_disc_pigstep":1,"minecraft:pointed_dripstone":4,"tombstone:grave_dust":9,"minecraft:diorite":14,"minecraft:brown_carpet":1,"epicpaladins:cryorium_gem":5,"minecraft:rotten_flesh":36,"minecraft:iron_block":2,"minecraft:cod":2,"minecraft:cobblestone":231,"minecraft:birch_log":7,"minecraft:feather":2,"minecraft:water_bucket":1,"minecraft:andesite":5,"born_in_chaos_v1:mint_ice_cream":1,"minecraft:flint":1,"minecraft:tuff":3,"evilcraft:flesh_humanoid":1,"minecraft:lapis_lazuli":143,"alexscaves:rusty_scrap_metal":1,"minecraft:dirt":5,"minecraft:lantern":2,"securitycraft:reinforced_stone_button":10,"minecraft:bone":30,"minecraft:acacia_planks":2,"minecraft:bow":1,"minecraft:wheat_seeds":311,"minecraft:raw_gold":103,"minecraft:stone_hoe":1,"minecraft:oak_planks":1,"alexscaves:rusty_scrap_metal_plate":1,"alexscaves:uranium":60,"minecraft:oak_pressure_plate":2,"evilcraft:dark_gem_crushed":53,"minecraft:sand":32,"minecraft:dead_bush":10,"alexscaves:radon_bottle":1,"minecraft:stripped_acacia_log":3,"born_in_chaos_v1:fire_dust":1,"minecraft:diamond":57,"minecraft:cracked_polished_blackstone_bricks":10,"minecraft:granite":31,"minecraft:crossbow":2,"minecraft:emerald":2,"minecraft:oak_sapling":16,"mca:bouquet":1,"minecraft:fishing_rod":2,"minecraft:crafting_table":2,"minecraft:charcoal":8,"born_in_chaos_v1:diamond_termite_shard":2,"minecraft:azure_bluet":1,"minecraft:ladder":1,"minecraft:chicken":1,"evilcraft:dark_power_gem":1,"minecraft:shield":1,"born_in_chaos_v1:intoxicating_decoction":3,"minecraft:item_frame":1,"alexscaves:scrap_metal":1,"minecraft:cartography_table":1,"minecraft:beef":8,"minecraft:poppy":1,"evilcraft:hardened_blood_shard":32,"minecraft:birch_sapling":4,"minecraft:spruce_trapdoor":1,"minecraft:egg":2,"minecraft:raw_iron":137,"minecraft:polished_blackstone_bricks":10,"minecraft:stone_button":1,"born_in_chaos_v1:pieceofdarkmetal":11,"minecraft:carrot":3,"minecraft:redstone":25,"minecraft:stone_pressure_plate":2,"mowziesmobs:umvuthana_mask_faith":3,"minecraft:arrow":11,"minecraft:stone_shovel":2,"minecraft:hay_block":73,"minecraft:pink_tulip":1,"mowziesmobs:umvuthana_mask_bliss":2,"minecraft:saddle":1,"minecraft:gold_ingot":4,"minecraft:skeleton_skull":3,"born_in_chaos_v1:fused_bone":1,"minecraft:stripped_oak_log":15,"born_in_chaos_v1:corpse_maggot":3,"minecraft:golden_carrot":3,"alexscaves:sulfur_dust":3,"minecraft:glow_ink_sac":3,"minecraft:salmon":3,"minecraft:leather":8,"minecraft:oak_log":44,"minecraft:gunpowder":6,"mowziesmobs:wrought_axe":2,"minecraft:paper":1,"minecraft:white_banner":2,"minecraft:cooked_mutton":1,"minecraft:apple":1,"mowziesmobs:umvuthana_mask_rage":1,"minecraft:acacia_trapdoor":1,"minecraft:warped_stem":6,"alexscaves:green_soylent":2,"alexscaves:radrock":25,"minecraft:rabbit_hide":8,"minecraft:oak_fence_gate":1,"minecraft:iron_ingot":2,"minecraft:stone_pickaxe":2,"tombstone:bag_of_seeds":2,"minecraft:glass_bottle":1,"minecraft:iron_sword":2,"minecraft:acacia_sapling":23,"minecraft:book":151,"artifacts:obsidian_skull":1,"evilcraft:undead_log":9,"minecraft:sweet_berries":3,"born_in_chaos_v1:lifestealer_bone":3,"alexscaves:fissile_core":1,"born_in_chaos_v1:ethereal_spirit":2,"minecraft:dandelion":2,"minecraft:dripstone_block":2,"minecraft:gravel":23,"born_in_chaos_v1:dark_rod":2,"mowziesmobs:wrought_helmet":2,"minecraft:white_bed":1,"minecraft:spruce_log":1,"minecraft:spider_eye":2,"travelersbackpack:standard":1,"enemyexpansion:trollface":1,"minecraft:purple_bed":1,"evilcraft:dark_gem":127,"minecraft:iron_helmet":3,"alexscaves:rusty_scaffolding":1,"minecraft:terracotta":1,"tombstone:magic_scroll":2,"minecraft:damaged_anvil":1,"minecraft:coal":121},"minecraft:dropped":{"minecraft:glass_bottle":4,"minecraft:netherite_upgrade_smithing_template":1,"minecraft:crossbow":2,"mowziesmobs:umvuthana_mask_faith":3,"minecraft:cobblestone_stairs":1,"alexscaves:rusty_scrap_metal":1,"minecraft:polished_blackstone_brick_stairs":1,"mowziesmobs:umvuthana_mask_bliss":2,"alexscaves:scrap_metal":1,"minecraft:fishing_rod":2,"minecraft:armor_stand":1,"mowziesmobs:umvuthana_mask_rage":3,"alexscaves:radrock":24,"minecraft:wheat":3,"minecraft:pointed_dripstone":3,"minecraft:beetroot":1,"minecraft:rotten_flesh":21,"alexscaves:rusty_scrap_metal_plate":1,"evilcraft:flesh_humanoid":2,"quark:glow_shroom_ring":4,"born_in_chaos_v1:corpse_maggot":1,"minecraft:stone_brick_wall":2,"minecraft:acacia_sapling":4,"minecraft:water_bucket":1,"minecraft:wheat_seeds":312,"minecraft:iron_helmet":2,"minecraft:cobblestone":1,"evilcraft:dark_gem":2,"minecraft:pufferfish":1,"evilcraft:vengeance_pickaxe":1,"mowziesmobs:wrought_axe":1,"minecraft:stick":1,"mowziesmobs:sol_visage":1,"tombstone:magic_scroll":1,"minecraft:torch":33,"minecraft:wooden_hoe":1,"artifacts:obsidian_skull":1,"epicpaladins:cryorium_gem":1,"alexscaves:unrefined_waste":1,"minecraft:iron_leggings":3,"mowziesmobs:wrought_helmet":1,"minecraft:white_banner":1,"minecraft:string":3,"minecraft:paper":1,"minecraft:tuff":2,"minecraft:chicken":1,"minecraft:iron_boots":2,"minecraft:iron_chestplate":2,"minecraft:oak_sapling":14,"minecraft:spider_eye":1,"minecraft:bow":1,"minecraft:stone_pickaxe":2,"minecraft:wooden_pickaxe":1},"minecraft:crafted":{"minecraft:oak_planks":104,"quark:birch_chest":1,"travelersbackpack:crafting_upgrade":1,"minecraft:stone":44,"securitycraft:keypad_item":1,"minecraft:heavy_weighted_pressure_plate":1,"minecraft:warped_planks":24,"securitycraft:laser_block":1,"minecraft:glass":32,"minecraft:diamond_leggings":1,"evilcraft:blood_extractor":9,"evilcraft:undead_planks":4,"minecraft:crafting_table":2,"minecraft:spruce_planks":4,"minecraft:wooden_pickaxe":1,"minecraft:birch_planks":16,"minecraft:wooden_hoe":1,"minecraft:shield":1,"quark:oak_chest":6,"minecraft:stick":92,"minecraft:iron_ingot":136,"minecraft:iron_pickaxe":3,"minecraft:gold_ingot":12,"evilcraft:vengeance_pickaxe":1,"minecraft:shears":1,"securitycraft:universal_block_reinforcer_lvl1":1,"evilcraft:dark_spike":32,"minecraft:coal":54,"minecraft:fishing_rod":1,"evilcraft:blood_chest":1,"minecraft:furnace":2,"minecraft:stone_button":10,"minecraft:bone_meal":24,"travelersbackpack:blank_upgrade":4,"travelersbackpack:gold_tier_upgrade":1,"minecraft:glass_pane":16,"minecraft:flint_and_steel":1,"minecraft:leather":2,"minecraft:iron_axe":1,"minecraft:stone_pickaxe":1,"evilcraft:dark_stick":4,"minecraft:diamond_boots":1,"minecraft:redstone_block":1,"travelersbackpack:diamond_tier_upgrade":1,"minecraft:wheat":657,"evilcraft:blood_infusion_core":3,"travelersbackpack:backpack_tank":2,"minecraft:acacia_trapdoor":2,"tombstone:ankh_of_pray":1,"minecraft:bread":265,"minecraft:air":0,"evilcraft:blood_infuser":1,"minecraft:acacia_planks":72,"minecraft:torch":324,"minecraft:diamond_chestplate":1},"minecraft:broken":{"minecraft:iron_pickaxe":2},"minecraft:killed":{"born_in_chaos_v1:zombie_clown":1,"minecraft:cave_spider":1,"born_in_chaos_v1:mr_pumpkin":1,"born_in_chaos_v1:restless_spirit":1,"born_in_chaos_v1:zombie_lumberjack":1,"enemyexpansion:equestrian":1,"minecraft:spider":7,"born_in_chaos_v1:siamese_skeletonsright":1,"minecraft:skeleton":7,"alexscaves:radgill":1,"minecraft:chicken":1,"mowziesmobs:umvuthana_crane":2,"minecraft:silverfish":6,"minecraft:piglin_brute":1,"born_in_chaos_v1:firelight_not_despawn":1,"minecraft:piglin":2,"minecraft:pig":4,"alexscaves:gammaroach":1,"born_in_chaos_v1:diamond_termite":2,"mowziesmobs:umvuthana_follower_player":2,"minecraft:creeper":3,"minecraft:sheep":2,"minecraft:pillager":19,"minecraft:zombie":15,"born_in_chaos_v1:corpse_fly":1,"enemyexpansion:botfly":2,"minecraft:ghast":1,"born_in_chaos_v1:door_knight":1,"born_in_chaos_v1:siamese_skeletonsleft":1,"minecraft:cow":4,"alexscaves:brainiac":2,"enemyexpansion:invisicreeper":1,"born_in_chaos_v1:skeleton_thrasher_not_despawn":1,"alexscaves:nucleeper":2,"enemyexpansion:direwolf":1,"enemyexpansion:goblin_fear":1,"born_in_chaos_v1:zombie_bruiser":1,"born_in_chaos_v1:maggot":2,"minecraft:horse":1,"enemyexpansion:silverqueen":1,"enemyexpansion:goblin":2,"born_in_chaos_v1:baby_skeleton":1,"enemyexpansion:sprinter":2,"born_in_chaos_v1:decrepit_skeleton":8,"born_in_chaos_v1:decaying_zombie_not_despawn":1,"enemyexpansion:slugger":1},"minecraft:used":{"minecraft:ladder":1,"minecraft:poppy":1,"evilcraft:blood_chest":1,"minecraft:shield":8,"minecraft:iron_sword":11,"securitycraft:keypad_item":1,"minecraft:acacia_sapling":19,"minecraft:tuff":1,"minecraft:milk_bucket":1,"minecraft:music_disc_pigstep":2,"minecraft:lantern":2,"minecraft:birch_sapling":4,"minecraft:item_frame":1,"minecraft:brown_carpet":1,"minecraft:sweet_berries":3,"minecraft:oak_sapling":2,"minecraft:furnace":4,"minecraft:egg":2,"alexscaves:unrefined_waste":1,"minecraft:diorite":14,"minecraft:damaged_anvil":1,"minecraft:acacia_trapdoor":3,"minecraft:stone_pickaxe":1,"minecraft:oak_planks":1,"minecraft:wooden_pickaxe":3,"minecraft:golden_apple":2,"minecraft:glow_berries":1,"evilcraft:undead_sapling":1,"minecraft:dripstone_block":1,"minecraft:shears":9,"minecraft:stone_button":1,"minecraft:bread":185,"minecraft:string":2,"tombstone:grave_key":4,"minecraft:oak_pressure_plate":2,"minecraft:gravel":9,"minecraft:smithing_table":1,"minecraft:bone_meal":2,"minecraft:experience_bottle":3,"minecraft:oak_fence":2,"minecraft:acacia_log":2,"minecraft:flint_and_steel":4,"minecraft:armor_stand":3,"minecraft:stone_shovel":32,"evilcraft:vengeance_pickaxe":194,"born_in_chaos_v1:black_argillite":1,"minecraft:stone_hoe":25,"minecraft:torch":359,"minecraft:dirt":3,"alexscaves:waste_drum":1,"minecraft:salmon_bucket":1,"minecraft:granite":6,"minecraft:oak_fence_gate":1,"minecraft:iron_axe":104,"evilcraft:box_of_eternal_closure":1,"minecraft:golden_carrot":3,"tombstone:gift":7,"minecraft:stone_pressure_plate":2,"minecraft:acacia_planks":2,"minecraft:cobbled_deepslate":22,"minecraft:pointed_dripstone":1,"minecraft:wheat_seeds":1,"minecraft:cooked_mutton":1,"born_in_chaos_v1:mint_ice_cream":1,"minecraft:water_bucket":69,"minecraft:glass_bottle":1,"minecraft:cartography_table":1,"evilcraft:blood_infuser":1,"born_in_chaos_v1:stimulating_decoction":1,"minecraft:polished_blackstone_bricks":7,"minecraft:salmon":2,"minecraft:terracotta":1,"minecraft:crafting_table":3,"minecraft:white_bed":1,"minecraft:warped_planks":24,"minecraft:cake":1,"mowziesmobs:wrought_axe":459,"tombstone:bag_of_seeds":1,"minecraft:wooden_hoe":10,"minecraft:flower_pot":1,"alexscaves:rusty_scaffolding":1,"minecraft:cracked_polished_blackstone_bricks":4,"minecraft:iron_pickaxe":563,"minecraft:spruce_trapdoor":1,"minecraft:fishing_rod":15,"minecraft:cobblestone":20,"minecraft:potion":3,"minecraft:purple_bed":1,"travelersbackpack:standard":9,"minecraft:white_banner":1,"minecraft:cooked_porkchop":4,"minecraft:bucket":71,"quark:oak_chest":4,"alexscaves:radrock":1,"minecraft:dandelion":1,"minecraft:jukebox":1},"minecraft:custom":{"minecraft:interact_with_crafting_table":37,"minecraft:open_barrel":24,"minecraft:eat_cake_slice":1,"minecraft:leave_game":7,"minecraft:time_since_death":5977,"minecraft:sprint_one_cm":1566786,"minecraft:damage_blocked_by_shield":235,"minecraft:drop":90,"minecraft:talked_to_villager":1,"minecraft:play_time":439661,"minecraft:deaths":9,"minecraft:jump":8778,"minecraft:interact_with_brewingstand":5,"minecraft:walk_on_water_one_cm":49468,"minecraft:interact_with_furnace":32,"minecraft:play_record":2,"minecraft:interact_with_loom":1,"minecraft:sleep_in_bed":29,"minecraft:damage_dealt":27235,"minecraft:crouch_one_cm":55778,"tombstone:undead_killed":45,"minecraft:interact_with_smithing_table":5,"minecraft:mob_kills":125,"minecraft:damage_dealt_resisted":1101,"minecraft:climb_one_cm":15094,"minecraft:walk_one_cm":1243080,"minecraft:raid_win":1,"minecraft:sneak_time":19021,"minecraft:walk_under_water_one_cm":18287,"minecraft:boat_one_cm":30621,"minecraft:interact_with_blast_furnace":12,"minecraft:total_world_time":439661,"tombstone:raider_killed":19,"minecraft:pot_flower":1,"minecraft:time_since_rest":5539,"minecraft:damage_absorbed":40,"minecraft:damage_taken":8086,"minecraft:trigger_trapped_chest":2,"minecraft:swim_one_cm":68392,"minecraft:fly_one_cm":1763359,"minecraft:open_chest":177,"minecraft:fish_caught":4,"minecraft:fall_one_cm":215031},"minecraft:mined":{"minecraft:potted_pink_tulip":1,"minecraft:stone_pressure_plate":1,"minecraft:white_bed":1,"evilcraft:undead_leaves":45,"minecraft:brewing_stand":1,"minecraft:spruce_trapdoor":1,"minecraft:granite":31,"minecraft:acacia_log":55,"minecraft:cracked_polished_blackstone_bricks":11,"minecraft:oak_pressure_plate":1,"minecraft:coal_block":30,"minecraft:polished_blackstone_bricks":11,"minecraft:iron_ore":35,"minecraft:fire":4,"alexscaves:rusty_scrap_metal":1,"minecraft:deepslate_lapis_ore":10,"minecraft:pointed_dripstone":1,"minecraft:dirt_path":1,"alexscaves:rusty_scrap_metal_plate":1,"alexscaves:sulfur_bud_large":1,"minecraft:iron_block":2,"minecraft:deepslate_redstone_ore":4,"minecraft:torch":18,"minecraft:poppy":1,"minecraft:dead_bush":9,"minecraft:cobblestone":6,"alexscaves:rusty_scaffolding":1,"minecraft:oak_planks":1,"minecraft:damaged_anvil":1,"minecraft:wall_torch":8,"minecraft:skeleton_skull":3,"evilcraft:dark_ore_deepslate":16,"minecraft:birch_log":7,"minecraft:wheat":1,"minecraft:jukebox":1,"minecraft:grass":19,"minecraft:oak_log":45,"minecraft:oak_fence_gate":1,"minecraft:sand":32,"minecraft:dirt":4,"alexscaves:unrefined_waste":3,"minecraft:oak_leaves":6,"epicpaladins:arclight_ore":6,"minecraft:deepslate":109,"evilcraft:hardened_blood":4,"minecraft:diamond_ore":2,"minecraft:tuff":1,"minecraft:deepslate_diamond_ore":20,"alexscaves:radrock":24,"born_in_chaos_v1:infected_diamond_ore":1,"minecraft:ladder":1,"minecraft:stone_button":1,"alexscaves:sulfur_cluster":1,"born_in_chaos_v1:black_argillite":1,"minecraft:cartography_table":1,"minecraft:hay_block":77,"alexscaves:radrock_uranium_ore":18,"minecraft:furnace":2,"minecraft:acacia_trapdoor":1,"minecraft:andesite":5,"evilcraft:dark_ore":3,"minecraft:bookshelf":51,"minecraft:deepslate_iron_ore":37,"minecraft:warped_stem":7,"minecraft:stripped_acacia_log":3,"minecraft:stripped_oak_log":12,"minecraft:stone":224,"alexscaves:scrap_metal":1,"minecraft:smithing_table":1,"minecraft:acacia_leaves":8,"minecraft:dandelion":3,"travelersbackpack:standard":1,"minecraft:oak_fence":2,"minecraft:crafting_table":2,"minecraft:campfire":4,"minecraft:tall_grass":3,"minecraft:copper_ore":2,"minecraft:deepslate_coal_ore":1,"minecraft:deepslate_gold_ore":28,"minecraft:polished_blackstone_brick_stairs":1,"minecraft:diorite":14,"minecraft:purple_bed":2,"epicpaladins:bloodstone_ore":6,"alexscaves:waste_drum":1,"minecraft:coal_ore":70,"evilcraft:undead_log":9,"minecraft:gravel":17,"minecraft:dripstone_block":2,"minecraft:terracotta":1,"minecraft:acacia_planks":2,"minecraft:gold_ore":5}},"DataVersion":3465}