{"stats":{"minecraft:custom":{"minecraft:interact_with_furnace":6,"minecraft:interact_with_crafting_table":6,"minecraft:open_barrel":20,"minecraft:time_since_death":38211,"minecraft:sleep_in_bed":4,"minecraft:climb_one_cm":4504,"minecraft:time_since_rest":14246,"minecraft:sprint_one_cm":141806,"minecraft:damage_taken":190,"minecraft:walk_one_cm":114950,"minecraft:drop":7,"minecraft:damage_dealt":0,"minecraft:fly_one_cm":139575,"minecraft:open_chest":12,"minecraft:crouch_one_cm":867,"minecraft:play_time":38211,"minecraft:sneak_time":149,"minecraft:walk_under_water_one_cm":336,"minecraft:jump":699,"minecraft:interact_with_brewingstand":1,"minecraft:walk_on_water_one_cm":1459,"minecraft:total_world_time":38211,"minecraft:fall_one_cm":14627},"minecraft:picked_up":{"minecraft:iron_chestplate":2,"minecraft:wheat":75,"minecraft:ladder":1,"minecraft:oak_log":15,"minecraft:dirt":1,"minecraft:lantern":2,"minecraft:iron_leggings":2,"minecraft:item_frame":1,"born_in_chaos_v1:intoxicating_decoction":1,"minecraft:armor_stand":2,"minecraft:experience_bottle":1,"minecraft:wheat_seeds":131,"minecraft:oak_fence_gate":1,"minecraft:iron_ingot":2,"minecraft:coal_block":30,"minecraft:iron_sword":1,"minecraft:iron_boots":2,"minecraft:book":36,"minecraft:torch":2,"minecraft:dandelion":1,"minecraft:iron_helmet":2,"minecraft:hay_block":25,"minecraft:iron_block":2,"minecraft:gold_ingot":2,"minecraft:emerald":2,"minecraft:cobblestone":3},"minecraft:dropped":{"minecraft:iron_helmet":1,"minecraft:iron_boots":1,"minecraft:iron_chestplate":1,"minecraft:iron_leggings":1,"minecraft:stone_pickaxe":1,"minecraft:wooden_pickaxe":1,"minecraft:armor_stand":1},"minecraft:mined":{"minecraft:dandelion":1,"minecraft:ladder":1,"minecraft:torch":2,"minecraft:coal_block":30,"minecraft:tall_grass":1,"minecraft:hay_block":29,"minecraft:bookshelf":13,"minecraft:oak_log":15,"minecraft:dirt_path":1,"minecraft:oak_fence_gate":1,"minecraft:stone":3,"minecraft:iron_block":2},"minecraft:crafted":{"minecraft:oak_planks":60,"minecraft:crafting_table":1,"minecraft:wooden_pickaxe":1,"minecraft:bread":100,"minecraft:shield":1,"minecraft:iron_axe":1,"minecraft:stick":12,"minecraft:iron_ingot":9,"minecraft:iron_pickaxe":1,"minecraft:stone_pickaxe":1,"minecraft:torch":16,"minecraft:wheat":225},"minecraft:used":{"minecraft:water_bucket":6,"minecraft:armor_stand":1,"minecraft:stone_pickaxe":1,"minecraft:ladder":1,"minecraft:wooden_pickaxe":3,"minecraft:torch":8,"minecraft:dirt":1,"minecraft:crafting_table":1,"minecraft:oak_fence_gate":1,"minecraft:lantern":2,"minecraft:iron_axe":28,"minecraft:bread":10,"minecraft:iron_pickaxe":31,"minecraft:item_frame":1,"minecraft:bucket":7,"minecraft:dandelion":1,"minecraft:experience_bottle":1}},"DataVersion":3465}