{"stats":{"minecraft:custom":{"minecraft:interact_with_furnace":6,"minecraft:mob_kills":9,"tombstone:raider_killed":2,"minecraft:interact_with_crafting_table":10,"minecraft:open_barrel":20,"minecraft:damage_dealt_resisted":208,"minecraft:leave_game":3,"minecraft:time_since_death":103688,"minecraft:sleep_in_bed":8,"minecraft:climb_one_cm":4779,"minecraft:time_since_rest":5240,"minecraft:sprint_one_cm":367350,"minecraft:damage_taken":1103,"minecraft:walk_one_cm":260791,"minecraft:drop":26,"minecraft:damage_dealt":3378,"minecraft:swim_one_cm":25376,"minecraft:talked_to_villager":1,"minecraft:fly_one_cm":439322,"minecraft:raid_win":1,"minecraft:open_chest":20,"minecraft:crouch_one_cm":2833,"minecraft:play_time":103688,"tombstone:undead_killed":4,"minecraft:sneak_time":714,"minecraft:walk_under_water_one_cm":5636,"minecraft:interact_with_brewingstand":5,"minecraft:jump":2103,"minecraft:walk_on_water_one_cm":5256,"minecraft:total_world_time":103688,"minecraft:fall_one_cm":47752},"minecraft:picked_up":{"minecraft:stripped_oak_log":4,"minecraft:birch_log":7,"minecraft:iron_chestplate":2,"minecraft:wheat":85,"minecraft:ladder":1,"minecraft:smithing_table":1,"born_in_chaos_v1:mint_ice_cream":1,"minecraft:potion":1,"minecraft:oak_log":37,"minecraft:brewing_stand":1,"minecraft:paper":1,"born_in_chaos_v1:black_argillite":1,"minecraft:white_banner":1,"minecraft:dirt":1,"minecraft:lantern":2,"minecraft:iron_leggings":2,"minecraft:armor_stand":3,"born_in_chaos_v1:intoxicating_decoction":3,"minecraft:item_frame":1,"minecraft:experience_bottle":2,"minecraft:bone":2,"minecraft:beetroot":1,"minecraft:apple":1,"minecraft:wheat_seeds":152,"minecraft:iron_ingot":2,"minecraft:oak_fence_gate":1,"minecraft:stone_pickaxe":2,"minecraft:poppy":1,"minecraft:glass_bottle":1,"minecraft:stone_hoe":1,"minecraft:birch_sapling":4,"minecraft:coal_block":30,"minecraft:acacia_sapling":23,"minecraft:iron_sword":1,"minecraft:iron_boots":2,"minecraft:furnace":2,"minecraft:book":37,"minecraft:golden_helmet":1,"minecraft:stick":18,"minecraft:acacia_log":43,"minecraft:torch":4,"born_in_chaos_v1:ethereal_spirit":1,"minecraft:dandelion":1,"born_in_chaos_v1:dark_rod":2,"tombstone:grave_dust":2,"minecraft:white_bed":1,"born_in_chaos_v1:pieceofdarkmetal":1,"minecraft:carrot":3,"minecraft:stone_pressure_plate":2,"enemyexpansion:trollface":1,"minecraft:stone_shovel":2,"minecraft:rotten_flesh":14,"minecraft:iron_helmet":2,"minecraft:hay_block":35,"minecraft:iron_block":2,"minecraft:saddle":1,"minecraft:emerald":2,"minecraft:gold_ingot":2,"minecraft:oak_sapling":14,"minecraft:coal":12,"minecraft:cobblestone":19},"minecraft:dropped":{"minecraft:wheat_seeds":151,"minecraft:glass_bottle":3,"minecraft:wheat":1,"minecraft:beetroot":1,"minecraft:iron_helmet":1,"minecraft:rotten_flesh":11,"minecraft:iron_boots":1,"minecraft:wooden_hoe":1,"minecraft:iron_chestplate":1,"minecraft:oak_sapling":14,"minecraft:acacia_sapling":4,"minecraft:iron_leggings":1,"minecraft:stone_pickaxe":2,"minecraft:wooden_pickaxe":1,"minecraft:paper":1,"minecraft:armor_stand":1},"minecraft:crafted":{"minecraft:oak_planks":60,"minecraft:crafting_table":1,"minecraft:wooden_pickaxe":1,"minecraft:bread":145,"minecraft:wooden_hoe":1,"minecraft:shield":1,"minecraft:iron_axe":1,"minecraft:stick":28,"quark:oak_chest":4,"minecraft:iron_ingot":18,"minecraft:iron_pickaxe":1,"minecraft:stone_pickaxe":1,"minecraft:torch":64,"minecraft:wheat":315},"minecraft:mined":{"minecraft:smithing_table":1,"minecraft:stone_pressure_plate":1,"minecraft:white_bed":1,"minecraft:dandelion":1,"minecraft:brewing_stand":1,"minecraft:torch":3,"minecraft:ladder":1,"minecraft:acacia_log":41,"minecraft:poppy":1,"born_in_chaos_v1:black_argillite":1,"minecraft:coal_block":30,"minecraft:tall_grass":3,"minecraft:wall_torch":1,"minecraft:hay_block":39,"minecraft:furnace":2,"minecraft:birch_log":7,"minecraft:grass":5,"minecraft:bookshelf":13,"minecraft:coal_ore":12,"minecraft:oak_log":37,"minecraft:dirt_path":1,"minecraft:oak_fence_gate":1,"minecraft:stone":19,"minecraft:iron_block":2,"minecraft:oak_leaves":2},"minecraft:killed":{"born_in_chaos_v1:zombie_clown":1,"born_in_chaos_v1:zombie_lumberjack":1,"enemyexpansion:direwolf":1,"born_in_chaos_v1:zombie_bruiser":1,"born_in_chaos_v1:decrepit_skeleton":1,"minecraft:pillager":2,"minecraft:ghast":1,"enemyexpansion:goblin":1},"minecraft:used":{"born_in_chaos_v1:mint_ice_cream":1,"minecraft:water_bucket":11,"minecraft:armor_stand":2,"minecraft:glass_bottle":1,"minecraft:stone_pickaxe":1,"minecraft:ladder":1,"minecraft:poppy":1,"minecraft:wooden_pickaxe":3,"born_in_chaos_v1:black_argillite":1,"minecraft:torch":25,"minecraft:dirt":1,"minecraft:crafting_table":1,"minecraft:white_bed":1,"minecraft:acacia_sapling":19,"minecraft:oak_fence_gate":1,"minecraft:wooden_hoe":10,"minecraft:lantern":2,"minecraft:iron_axe":79,"minecraft:bread":38,"minecraft:birch_sapling":4,"minecraft:iron_pickaxe":64,"minecraft:item_frame":1,"minecraft:cobblestone":1,"minecraft:potion":3,"minecraft:furnace":2,"minecraft:smithing_table":1,"minecraft:white_banner":1,"minecraft:bucket":12,"minecraft:stone_pressure_plate":2,"quark:oak_chest":4,"minecraft:dandelion":1,"minecraft:experience_bottle":2}},"DataVersion":3465}