{"stats":{"minecraft:killed_by":{"minecraft:piglin_brute":3,"mowziesmobs:ferrous_wroughtnaut":5},"minecraft:picked_up":{"minecraft:iron_chestplate":3,"minecraft:wheat":169,"minecraft:flower_pot":1,"minecraft:smithing_table":1,"minecraft:potion":1,"minecraft:brewing_stand":1,"born_in_chaos_v1:black_argillite":1,"minecraft:raw_copper":10,"minecraft:string":3,"minecraft:polished_blackstone_brick_stairs":1,"minecraft:iron_leggings":3,"minecraft:armor_stand":4,"epicpaladins:bloodstone_gem":9,"minecraft:experience_bottle":3,"minecraft:beetroot":1,"minecraft:gold_nugget":6,"minecraft:cobbled_deepslate":55,"minecraft:netherite_upgrade_smithing_template":1,"minecraft:coal_block":30,"minecraft:iron_boots":3,"minecraft:furnace":2,"minecraft:golden_helmet":1,"minecraft:stick":18,"quark:glow_shroom_ring":4,"minecraft:jukebox":1,"epicpaladins:arclight_gem":6,"mowziesmobs:sol_visage":1,"minecraft:oak_fence":2,"minecraft:torch":95,"minecraft:acacia_log":57,"minecraft:porkchop":11,"minecraft:pointed_dripstone":1,"tombstone:grave_dust":9,"minecraft:diorite":14,"minecraft:brown_carpet":1,"minecraft:rotten_flesh":26,"epicpaladins:cryorium_gem":5,"minecraft:iron_block":2,"minecraft:cod":1,"minecraft:cobblestone":223,"minecraft:birch_log":7,"minecraft:feather":2,"minecraft:andesite":4,"born_in_chaos_v1:mint_ice_cream":1,"minecraft:flint":1,"minecraft:tuff":2,"evilcraft:flesh_humanoid":1,"minecraft:lapis_lazuli":40,"minecraft:dirt":5,"minecraft:lantern":2,"minecraft:bone":18,"minecraft:acacia_planks":2,"minecraft:wheat_seeds":297,"minecraft:raw_gold":76,"minecraft:stone_hoe":1,"minecraft:oak_planks":1,"minecraft:oak_pressure_plate":2,"evilcraft:dark_gem_crushed":33,"minecraft:sand":32,"minecraft:dead_bush":10,"minecraft:stripped_acacia_log":3,"minecraft:diamond":24,"minecraft:cracked_polished_blackstone_bricks":10,"minecraft:crossbow":2,"minecraft:granite":29,"minecraft:emerald":2,"minecraft:oak_sapling":14,"minecraft:fishing_rod":1,"born_in_chaos_v1:diamond_termite_shard":2,"minecraft:charcoal":8,"minecraft:crafting_table":2,"minecraft:azure_bluet":1,"minecraft:ladder":1,"minecraft:chicken":1,"evilcraft:dark_power_gem":1,"born_in_chaos_v1:intoxicating_decoction":3,"minecraft:item_frame":1,"minecraft:cartography_table":1,"minecraft:beef":8,"minecraft:poppy":1,"evilcraft:hardened_blood_shard":32,"minecraft:birch_sapling":4,"minecraft:spruce_trapdoor":1,"minecraft:egg":2,"minecraft:raw_iron":137,"minecraft:polished_blackstone_bricks":10,"born_in_chaos_v1:pieceofdarkmetal":11,"minecraft:carrot":3,"minecraft:stone_pressure_plate":2,"mowziesmobs:umvuthana_mask_faith":3,"minecraft:arrow":11,"minecraft:stone_shovel":2,"minecraft:hay_block":73,"mowziesmobs:umvuthana_mask_bliss":2,"minecraft:pink_tulip":1,"minecraft:saddle":1,"minecraft:gold_ingot":4,"minecraft:skeleton_skull":3,"born_in_chaos_v1:fused_bone":1,"minecraft:stripped_oak_log":15,"born_in_chaos_v1:corpse_maggot":3,"minecraft:golden_carrot":3,"minecraft:glow_ink_sac":3,"minecraft:salmon":1,"minecraft:leather":8,"minecraft:oak_log":44,"minecraft:gunpowder":3,"mowziesmobs:wrought_axe":2,"minecraft:paper":1,"minecraft:white_banner":2,"minecraft:cooked_mutton":1,"minecraft:apple":1,"mowziesmobs:umvuthana_mask_rage":1,"minecraft:acacia_trapdoor":1,"minecraft:warped_stem":6,"minecraft:rabbit_hide":8,"minecraft:oak_fence_gate":1,"minecraft:iron_ingot":2,"minecraft:stone_pickaxe":2,"tombstone:bag_of_seeds":2,"minecraft:glass_bottle":1,"minecraft:acacia_sapling":23,"minecraft:iron_sword":2,"minecraft:book":151,"artifacts:obsidian_skull":1,"evilcraft:undead_log":9,"born_in_chaos_v1:lifestealer_bone":3,"born_in_chaos_v1:ethereal_spirit":2,"minecraft:dandelion":2,"minecraft:dripstone_block":1,"minecraft:gravel":23,"born_in_chaos_v1:dark_rod":2,"mowziesmobs:wrought_helmet":2,"minecraft:white_bed":1,"minecraft:spider_eye":1,"travelersbackpack:standard":1,"enemyexpansion:trollface":1,"evilcraft:dark_gem":92,"minecraft:iron_helmet":3,"tombstone:magic_scroll":2,"minecraft:damaged_anvil":1,"minecraft:coal":27},"minecraft:dropped":{"minecraft:glass_bottle":4,"minecraft:crossbow":2,"minecraft:netherite_upgrade_smithing_template":1,"mowziesmobs:umvuthana_mask_faith":3,"minecraft:cobblestone_stairs":1,"minecraft:polished_blackstone_brick_stairs":1,"mowziesmobs:umvuthana_mask_bliss":2,"minecraft:fishing_rod":1,"minecraft:armor_stand":1,"mowziesmobs:umvuthana_mask_rage":3,"minecraft:wheat":1,"minecraft:beetroot":1,"minecraft:rotten_flesh":11,"evilcraft:flesh_humanoid":2,"minecraft:stone_brick_wall":2,"born_in_chaos_v1:corpse_maggot":1,"minecraft:acacia_sapling":4,"minecraft:wheat_seeds":299,"minecraft:iron_helmet":2,"evilcraft:dark_gem":2,"mowziesmobs:wrought_axe":1,"minecraft:stick":1,"mowziesmobs:sol_visage":1,"tombstone:magic_scroll":1,"minecraft:torch":33,"minecraft:wooden_hoe":1,"artifacts:obsidian_skull":1,"epicpaladins:cryorium_gem":1,"minecraft:iron_leggings":2,"mowziesmobs:wrought_helmet":1,"minecraft:white_banner":1,"minecraft:paper":1,"minecraft:chicken":1,"minecraft:iron_boots":2,"minecraft:iron_chestplate":2,"minecraft:oak_sapling":14,"minecraft:stone_pickaxe":2,"minecraft:wooden_pickaxe":1},"minecraft:crafted":{"minecraft:oak_planks":64,"quark:birch_chest":1,"travelersbackpack:crafting_upgrade":1,"minecraft:warped_planks":24,"minecraft:glass":32,"evilcraft:blood_extractor":9,"evilcraft:undead_planks":4,"minecraft:crafting_table":2,"minecraft:wooden_pickaxe":1,"minecraft:birch_planks":16,"minecraft:wooden_hoe":1,"minecraft:shield":1,"quark:oak_chest":4,"minecraft:stick":80,"minecraft:iron_ingot":18,"minecraft:iron_pickaxe":3,"minecraft:gold_ingot":3,"evilcraft:vengeance_pickaxe":1,"minecraft:shears":1,"evilcraft:dark_spike":32,"minecraft:coal":54,"evilcraft:blood_chest":1,"minecraft:bone_meal":24,"travelersbackpack:blank_upgrade":4,"minecraft:flint_and_steel":1,"minecraft:iron_axe":1,"minecraft:stone_pickaxe":1,"evilcraft:dark_stick":4,"minecraft:wheat":531,"evilcraft:blood_infusion_core":3,"travelersbackpack:backpack_tank":2,"minecraft:acacia_trapdoor":2,"tombstone:ankh_of_pray":1,"minecraft:bread":217,"minecraft:air":0,"evilcraft:blood_infuser":1,"minecraft:acacia_planks":72,"minecraft:torch":292},"minecraft:broken":{"minecraft:iron_pickaxe":2},"minecraft:killed":{"born_in_chaos_v1:zombie_clown":1,"born_in_chaos_v1:restless_spirit":1,"born_in_chaos_v1:zombie_lumberjack":1,"minecraft:spider":2,"enemyexpansion:equestrian":1,"born_in_chaos_v1:siamese_skeletonsright":1,"minecraft:skeleton":5,"minecraft:chicken":1,"mowziesmobs:umvuthana_crane":2,"minecraft:silverfish":6,"minecraft:piglin_brute":1,"minecraft:piglin":2,"minecraft:pig":4,"born_in_chaos_v1:diamond_termite":2,"mowziesmobs:umvuthana_follower_player":1,"minecraft:sheep":2,"minecraft:pillager":19,"minecraft:zombie":8,"born_in_chaos_v1:corpse_fly":1,"enemyexpansion:botfly":2,"minecraft:ghast":1,"born_in_chaos_v1:door_knight":1,"born_in_chaos_v1:siamese_skeletonsleft":1,"minecraft:cow":4,"enemyexpansion:invisicreeper":1,"enemyexpansion:direwolf":1,"enemyexpansion:goblin_fear":1,"born_in_chaos_v1:zombie_bruiser":1,"born_in_chaos_v1:maggot":2,"minecraft:horse":1,"enemyexpansion:silverqueen":1,"enemyexpansion:goblin":2,"born_in_chaos_v1:baby_skeleton":1,"enemyexpansion:sprinter":2,"born_in_chaos_v1:decrepit_skeleton":6,"enemyexpansion:slugger":1},"minecraft:used":{"minecraft:poppy":1,"minecraft:ladder":1,"evilcraft:blood_chest":1,"minecraft:shield":4,"minecraft:iron_sword":6,"minecraft:acacia_sapling":19,"minecraft:tuff":1,"minecraft:milk_bucket":1,"minecraft:lantern":2,"minecraft:birch_sapling":4,"minecraft:item_frame":1,"minecraft:brown_carpet":1,"minecraft:furnace":2,"minecraft:egg":2,"minecraft:diorite":14,"minecraft:damaged_anvil":1,"minecraft:acacia_trapdoor":3,"minecraft:stone_pickaxe":1,"minecraft:oak_planks":1,"minecraft:wooden_pickaxe":3,"minecraft:golden_apple":1,"minecraft:glow_berries":1,"evilcraft:undead_sapling":1,"minecraft:shears":9,"minecraft:bread":118,"minecraft:string":2,"tombstone:grave_key":4,"minecraft:oak_pressure_plate":2,"minecraft:gravel":9,"minecraft:smithing_table":1,"minecraft:bone_meal":2,"minecraft:experience_bottle":3,"minecraft:oak_fence":2,"minecraft:acacia_log":2,"minecraft:flint_and_steel":4,"minecraft:armor_stand":3,"minecraft:stone_shovel":32,"evilcraft:vengeance_pickaxe":79,"born_in_chaos_v1:black_argillite":1,"minecraft:stone_hoe":25,"minecraft:torch":295,"minecraft:dirt":3,"minecraft:granite":6,"minecraft:oak_fence_gate":1,"minecraft:iron_axe":104,"evilcraft:box_of_eternal_closure":1,"minecraft:golden_carrot":3,"tombstone:gift":7,"minecraft:stone_pressure_plate":2,"minecraft:cobbled_deepslate":18,"minecraft:acacia_planks":2,"minecraft:pointed_dripstone":1,"minecraft:cooked_mutton":1,"born_in_chaos_v1:mint_ice_cream":1,"minecraft:water_bucket":30,"minecraft:glass_bottle":1,"minecraft:cartography_table":1,"evilcraft:blood_infuser":1,"born_in_chaos_v1:stimulating_decoction":1,"minecraft:polished_blackstone_bricks":7,"minecraft:crafting_table":3,"minecraft:white_bed":1,"minecraft:cake":1,"minecraft:warped_planks":24,"mowziesmobs:wrought_axe":344,"tombstone:bag_of_seeds":1,"minecraft:wooden_hoe":10,"minecraft:flower_pot":1,"minecraft:cracked_polished_blackstone_bricks":4,"minecraft:iron_pickaxe":475,"minecraft:spruce_trapdoor":1,"minecraft:fishing_rod":7,"minecraft:cobblestone":13,"minecraft:potion":3,"travelersbackpack:standard":3,"minecraft:white_banner":1,"minecraft:cooked_porkchop":4,"minecraft:bucket":31,"quark:oak_chest":4,"minecraft:dandelion":1},"minecraft:custom":{"minecraft:interact_with_crafting_table":26,"minecraft:open_barrel":22,"minecraft:eat_cake_slice":1,"minecraft:leave_game":7,"minecraft:time_since_death":87157,"minecraft:sprint_one_cm":1145124,"minecraft:damage_blocked_by_shield":120,"minecraft:drop":66,"minecraft:talked_to_villager":1,"minecraft:play_time":314996,"minecraft:deaths":8,"minecraft:jump":6241,"minecraft:interact_with_brewingstand":5,"minecraft:walk_on_water_one_cm":23747,"minecraft:interact_with_furnace":15,"minecraft:interact_with_loom":1,"minecraft:sleep_in_bed":22,"minecraft:damage_dealt":17899,"minecraft:crouch_one_cm":33488,"tombstone:undead_killed":30,"minecraft:interact_with_smithing_table":4,"minecraft:mob_kills":94,"minecraft:damage_dealt_resisted":302,"minecraft:climb_one_cm":9753,"minecraft:walk_one_cm":928454,"minecraft:raid_win":1,"minecraft:sneak_time":10626,"minecraft:walk_under_water_one_cm":13672,"minecraft:total_world_time":314996,"tombstone:raider_killed":19,"minecraft:pot_flower":1,"minecraft:time_since_rest":11064,"minecraft:damage_taken":6361,"minecraft:trigger_trapped_chest":2,"minecraft:swim_one_cm":46810,"minecraft:fly_one_cm":1292428,"minecraft:open_chest":115,"minecraft:fall_one_cm":149358},"minecraft:mined":{"minecraft:potted_pink_tulip":1,"minecraft:stone_pressure_plate":1,"minecraft:white_bed":1,"evilcraft:undead_leaves":45,"minecraft:brewing_stand":1,"minecraft:spruce_trapdoor":1,"minecraft:granite":29,"minecraft:acacia_log":55,"minecraft:cracked_polished_blackstone_bricks":11,"minecraft:oak_pressure_plate":1,"minecraft:coal_block":30,"minecraft:polished_blackstone_bricks":11,"minecraft:iron_ore":35,"minecraft:fire":4,"minecraft:deepslate_lapis_ore":4,"minecraft:dirt_path":1,"minecraft:iron_block":2,"minecraft:torch":18,"minecraft:poppy":1,"minecraft:dead_bush":9,"minecraft:cobblestone":6,"minecraft:oak_planks":1,"minecraft:damaged_anvil":1,"minecraft:wall_torch":6,"minecraft:skeleton_skull":3,"minecraft:birch_log":7,"evilcraft:dark_ore_deepslate":13,"minecraft:jukebox":1,"minecraft:grass":14,"minecraft:oak_log":45,"minecraft:oak_fence_gate":1,"minecraft:sand":32,"minecraft:dirt":4,"minecraft:oak_leaves":3,"epicpaladins:arclight_ore":6,"minecraft:deepslate":52,"evilcraft:hardened_blood":4,"minecraft:diamond_ore":2,"minecraft:tuff":1,"minecraft:deepslate_diamond_ore":10,"born_in_chaos_v1:infected_diamond_ore":1,"minecraft:ladder":1,"born_in_chaos_v1:black_argillite":1,"minecraft:cartography_table":1,"minecraft:hay_block":77,"minecraft:furnace":2,"minecraft:acacia_trapdoor":1,"minecraft:andesite":4,"minecraft:bookshelf":51,"minecraft:deepslate_iron_ore":37,"minecraft:warped_stem":7,"minecraft:stripped_acacia_log":3,"minecraft:stripped_oak_log":12,"minecraft:stone":217,"minecraft:smithing_table":1,"minecraft:acacia_leaves":8,"minecraft:dandelion":3,"travelersbackpack:standard":1,"minecraft:oak_fence":2,"minecraft:crafting_table":2,"minecraft:campfire":4,"minecraft:tall_grass":3,"minecraft:copper_ore":2,"minecraft:deepslate_gold_ore":20,"minecraft:polished_blackstone_brick_stairs":1,"minecraft:diorite":14,"epicpaladins:bloodstone_ore":6,"minecraft:coal_ore":29,"evilcraft:undead_log":9,"minecraft:gravel":17,"minecraft:dripstone_block":1,"minecraft:acacia_planks":2,"minecraft:gold_ore":4}},"DataVersion":3465}