{"stats":{"minecraft:custom":{"minecraft:interact_with_furnace":6,"minecraft:mob_kills":8,"tombstone:raider_killed":2,"minecraft:interact_with_crafting_table":9,"minecraft:open_barrel":20,"minecraft:damage_dealt_resisted":208,"minecraft:leave_game":3,"minecraft:time_since_death":79688,"minecraft:sleep_in_bed":6,"minecraft:climb_one_cm":4779,"minecraft:time_since_rest":10049,"minecraft:sprint_one_cm":302965,"minecraft:damage_taken":911,"minecraft:walk_one_cm":217709,"minecraft:drop":24,"minecraft:damage_dealt":2882,"minecraft:swim_one_cm":7565,"minecraft:talked_to_villager":1,"minecraft:fly_one_cm":367048,"minecraft:raid_win":1,"minecraft:open_chest":14,"minecraft:crouch_one_cm":2833,"minecraft:play_time":79688,"tombstone:undead_killed":3,"minecraft:sneak_time":647,"minecraft:walk_under_water_one_cm":3202,"minecraft:interact_with_brewingstand":5,"minecraft:jump":1725,"minecraft:walk_on_water_one_cm":3848,"minecraft:total_world_time":79688,"minecraft:fall_one_cm":38130},"minecraft:picked_up":{"minecraft:stripped_oak_log":4,"minecraft:birch_log":7,"minecraft:iron_chestplate":2,"minecraft:wheat":84,"minecraft:ladder":1,"born_in_chaos_v1:mint_ice_cream":1,"minecraft:potion":1,"minecraft:oak_log":37,"minecraft:brewing_stand":1,"born_in_chaos_v1:black_argillite":1,"minecraft:white_banner":1,"minecraft:dirt":1,"minecraft:lantern":2,"minecraft:iron_leggings":2,"minecraft:armor_stand":2,"born_in_chaos_v1:intoxicating_decoction":1,"minecraft:item_frame":1,"minecraft:experience_bottle":2,"minecraft:bone":2,"minecraft:beetroot":1,"minecraft:apple":1,"minecraft:wheat_seeds":151,"minecraft:iron_ingot":2,"minecraft:oak_fence_gate":1,"minecraft:poppy":1,"minecraft:glass_bottle":1,"minecraft:birch_sapling":4,"minecraft:coal_block":30,"minecraft:acacia_sapling":23,"minecraft:iron_sword":1,"minecraft:iron_boots":2,"minecraft:book":36,"minecraft:stick":18,"minecraft:acacia_log":43,"minecraft:torch":4,"born_in_chaos_v1:ethereal_spirit":1,"minecraft:dandelion":1,"born_in_chaos_v1:dark_rod":2,"tombstone:grave_dust":2,"minecraft:white_bed":1,"born_in_chaos_v1:pieceofdarkmetal":1,"minecraft:carrot":3,"enemyexpansion:trollface":1,"minecraft:stone_shovel":2,"minecraft:rotten_flesh":11,"minecraft:iron_helmet":2,"minecraft:hay_block":35,"minecraft:iron_block":2,"minecraft:saddle":1,"minecraft:emerald":2,"minecraft:gold_ingot":2,"minecraft:oak_sapling":14,"minecraft:cobblestone":3},"minecraft:dropped":{"minecraft:wheat_seeds":151,"minecraft:glass_bottle":3,"minecraft:wheat":1,"minecraft:beetroot":1,"minecraft:iron_helmet":1,"minecraft:rotten_flesh":11,"minecraft:iron_boots":1,"minecraft:wooden_hoe":1,"minecraft:iron_chestplate":1,"minecraft:oak_sapling":14,"minecraft:acacia_sapling":4,"minecraft:iron_leggings":1,"minecraft:stone_pickaxe":1,"minecraft:wooden_pickaxe":1,"minecraft:armor_stand":1},"minecraft:crafted":{"minecraft:oak_planks":60,"minecraft:crafting_table":1,"minecraft:wooden_pickaxe":1,"minecraft:bread":145,"minecraft:wooden_hoe":1,"minecraft:shield":1,"minecraft:iron_axe":1,"minecraft:stick":12,"quark:oak_chest":4,"minecraft:iron_ingot":18,"minecraft:iron_pickaxe":1,"minecraft:stone_pickaxe":1,"minecraft:torch":16,"minecraft:wheat":315},"minecraft:mined":{"minecraft:white_bed":1,"minecraft:dandelion":1,"minecraft:brewing_stand":1,"minecraft:torch":3,"minecraft:ladder":1,"minecraft:acacia_log":41,"minecraft:poppy":1,"born_in_chaos_v1:black_argillite":1,"minecraft:coal_block":30,"minecraft:tall_grass":3,"minecraft:wall_torch":1,"minecraft:hay_block":39,"minecraft:birch_log":7,"minecraft:grass":5,"minecraft:bookshelf":13,"minecraft:oak_log":37,"minecraft:dirt_path":1,"minecraft:oak_fence_gate":1,"minecraft:stone":3,"minecraft:iron_block":2,"minecraft:oak_leaves":2},"minecraft:killed":{"born_in_chaos_v1:zombie_lumberjack":1,"enemyexpansion:direwolf":1,"born_in_chaos_v1:zombie_bruiser":1,"born_in_chaos_v1:decrepit_skeleton":1,"minecraft:pillager":2,"minecraft:ghast":1,"enemyexpansion:goblin":1},"minecraft:used":{"born_in_chaos_v1:mint_ice_cream":1,"minecraft:water_bucket":8,"minecraft:armor_stand":1,"minecraft:glass_bottle":1,"minecraft:stone_pickaxe":1,"minecraft:ladder":1,"minecraft:poppy":1,"minecraft:wooden_pickaxe":3,"born_in_chaos_v1:black_argillite":1,"minecraft:torch":20,"minecraft:dirt":1,"minecraft:crafting_table":1,"minecraft:white_bed":1,"minecraft:acacia_sapling":14,"minecraft:oak_fence_gate":1,"minecraft:wooden_hoe":10,"minecraft:lantern":2,"minecraft:iron_axe":71,"minecraft:bread":31,"minecraft:birch_sapling":4,"minecraft:iron_pickaxe":33,"minecraft:item_frame":1,"minecraft:potion":3,"minecraft:white_banner":1,"minecraft:bucket":9,"quark:oak_chest":4,"minecraft:dandelion":1,"minecraft:experience_bottle":2}},"DataVersion":3465}