{"stats":{"minecraft:custom":{"minecraft:interact_with_furnace":6,"minecraft:mob_kills":4,"minecraft:interact_with_crafting_table":7,"minecraft:open_barrel":20,"minecraft:leave_game":1,"minecraft:time_since_death":55215,"minecraft:sleep_in_bed":4,"minecraft:climb_one_cm":4721,"minecraft:time_since_rest":31250,"minecraft:sprint_one_cm":200038,"minecraft:damage_taken":512,"minecraft:walk_one_cm":170549,"minecraft:drop":20,"minecraft:damage_dealt":1172,"minecraft:talked_to_villager":1,"minecraft:swim_one_cm":1514,"minecraft:fly_one_cm":243285,"minecraft:open_chest":13,"minecraft:crouch_one_cm":2792,"minecraft:play_time":55215,"tombstone:undead_killed":3,"minecraft:sneak_time":599,"minecraft:walk_under_water_one_cm":532,"minecraft:jump":1194,"minecraft:interact_with_brewingstand":5,"minecraft:walk_on_water_one_cm":2812,"minecraft:total_world_time":55215,"minecraft:fall_one_cm":25627},"minecraft:picked_up":{"minecraft:iron_chestplate":2,"minecraft:wheat":84,"minecraft:ladder":1,"born_in_chaos_v1:mint_ice_cream":1,"minecraft:potion":1,"minecraft:oak_log":32,"minecraft:brewing_stand":1,"minecraft:dirt":1,"minecraft:lantern":2,"minecraft:iron_leggings":2,"minecraft:item_frame":1,"born_in_chaos_v1:intoxicating_decoction":1,"minecraft:armor_stand":2,"minecraft:bone":2,"minecraft:experience_bottle":1,"minecraft:beetroot":1,"minecraft:apple":1,"minecraft:wheat_seeds":151,"minecraft:oak_fence_gate":1,"minecraft:iron_ingot":2,"minecraft:poppy":1,"minecraft:glass_bottle":1,"minecraft:coal_block":30,"minecraft:acacia_sapling":15,"minecraft:iron_sword":1,"minecraft:iron_boots":2,"minecraft:book":36,"minecraft:stick":15,"born_in_chaos_v1:ethereal_spirit":1,"minecraft:acacia_log":35,"minecraft:torch":4,"minecraft:dandelion":1,"born_in_chaos_v1:dark_rod":2,"tombstone:grave_dust":2,"minecraft:carrot":3,"born_in_chaos_v1:pieceofdarkmetal":1,"minecraft:rotten_flesh":10,"minecraft:iron_helmet":2,"minecraft:hay_block":35,"minecraft:iron_block":2,"minecraft:gold_ingot":2,"minecraft:emerald":2,"minecraft:oak_sapling":9,"minecraft:cobblestone":3},"minecraft:mined":{"minecraft:dandelion":1,"minecraft:brewing_stand":1,"minecraft:ladder":1,"minecraft:torch":3,"minecraft:acacia_log":33,"minecraft:poppy":1,"minecraft:coal_block":30,"minecraft:tall_grass":3,"minecraft:wall_torch":1,"minecraft:hay_block":39,"minecraft:grass":4,"minecraft:bookshelf":13,"minecraft:oak_log":28,"minecraft:dirt_path":1,"minecraft:oak_fence_gate":1,"minecraft:stone":3,"minecraft:iron_block":2,"minecraft:oak_leaves":2},"minecraft:dropped":{"minecraft:wheat_seeds":151,"minecraft:glass_bottle":2,"minecraft:beetroot":1,"minecraft:iron_helmet":1,"minecraft:rotten_flesh":10,"minecraft:iron_boots":1,"minecraft:wooden_hoe":1,"minecraft:iron_chestplate":1,"minecraft:oak_sapling":9,"minecraft:acacia_sapling":4,"minecraft:iron_leggings":1,"minecraft:stone_pickaxe":1,"minecraft:wooden_pickaxe":1,"minecraft:armor_stand":1},"minecraft:crafted":{"minecraft:oak_planks":60,"minecraft:crafting_table":1,"minecraft:wooden_pickaxe":1,"minecraft:bread":100,"minecraft:wooden_hoe":1,"minecraft:shield":1,"minecraft:iron_axe":1,"minecraft:stick":12,"minecraft:iron_ingot":18,"minecraft:iron_pickaxe":1,"minecraft:stone_pickaxe":1,"minecraft:torch":16,"minecraft:wheat":225},"minecraft:killed":{"born_in_chaos_v1:zombie_lumberjack":1,"born_in_chaos_v1:zombie_bruiser":1,"born_in_chaos_v1:decrepit_skeleton":1,"minecraft:ghast":1},"minecraft:used":{"born_in_chaos_v1:mint_ice_cream":1,"minecraft:water_bucket":8,"minecraft:armor_stand":1,"minecraft:glass_bottle":1,"minecraft:stone_pickaxe":1,"minecraft:poppy":1,"minecraft:ladder":1,"minecraft:wooden_pickaxe":3,"minecraft:torch":20,"minecraft:dirt":1,"minecraft:crafting_table":1,"minecraft:acacia_sapling":11,"minecraft:oak_fence_gate":1,"minecraft:wooden_hoe":10,"minecraft:lantern":2,"minecraft:iron_axe":48,"minecraft:bread":18,"minecraft:iron_pickaxe":32,"minecraft:item_frame":1,"minecraft:potion":3,"minecraft:bucket":9,"minecraft:dandelion":1,"minecraft:experience_bottle":1}},"DataVersion":3465}