{"stats":{"minecraft:broken":{"minecraft:iron_pickaxe":1},"minecraft:used":{"minecraft:acacia_log":2,"minecraft:armor_stand":2,"minecraft:ladder":1,"minecraft:poppy":1,"minecraft:iron_sword":2,"born_in_chaos_v1:black_argillite":1,"minecraft:torch":69,"minecraft:dirt":3,"minecraft:acacia_sapling":19,"minecraft:granite":6,"minecraft:oak_fence_gate":1,"minecraft:lantern":2,"minecraft:iron_axe":89,"minecraft:birch_sapling":4,"minecraft:item_frame":1,"minecraft:furnace":2,"tombstone:gift":5,"minecraft:stone_pressure_plate":2,"born_in_chaos_v1:mint_ice_cream":1,"minecraft:water_bucket":11,"minecraft:diorite":14,"minecraft:glass_bottle":1,"minecraft:acacia_trapdoor":3,"minecraft:stone_pickaxe":1,"minecraft:wooden_pickaxe":3,"minecraft:crafting_table":3,"minecraft:white_bed":1,"mowziesmobs:wrought_axe":22,"minecraft:wooden_hoe":10,"minecraft:bread":51,"minecraft:iron_pickaxe":349,"tombstone:grave_key":3,"minecraft:cobblestone":1,"minecraft:potion":3,"minecraft:cooked_porkchop":1,"minecraft:white_banner":1,"minecraft:smithing_table":1,"minecraft:bucket":12,"quark:oak_chest":4,"minecraft:dandelion":1,"minecraft:experience_bottle":2},"minecraft:killed":{"born_in_chaos_v1:zombie_clown":1,"born_in_chaos_v1:zombie_lumberjack":1,"enemyexpansion:direwolf":1,"born_in_chaos_v1:zombie_bruiser":1,"mowziesmobs:umvuthana_crane":2,"enemyexpansion:goblin":1,"born_in_chaos_v1:decrepit_skeleton":1,"minecraft:sheep":2,"minecraft:pillager":2,"minecraft:ghast":1},"minecraft:dropped":{"minecraft:wheat_seeds":152,"minecraft:glass_bottle":3,"mowziesmobs:umvuthana_mask_faith":3,"minecraft:iron_helmet":1,"mowziesmobs:wrought_axe":1,"mowziesmobs:sol_visage":1,"minecraft:wooden_hoe":1,"mowziesmobs:umvuthana_mask_bliss":2,"minecraft:iron_leggings":1,"mowziesmobs:wrought_helmet":1,"minecraft:paper":1,"minecraft:armor_stand":1,"mowziesmobs:umvuthana_mask_rage":3,"minecraft:wheat":1,"minecraft:beetroot":1,"minecraft:rotten_flesh":11,"minecraft:iron_boots":1,"evilcraft:flesh_humanoid":1,"minecraft:iron_chestplate":1,"minecraft:acacia_sapling":4,"minecraft:oak_sapling":14,"minecraft:wooden_pickaxe":1,"minecraft:stone_pickaxe":2},"minecraft:mined":{"minecraft:stone_pressure_plate":1,"minecraft:white_bed":1,"minecraft:brewing_stand":1,"born_in_chaos_v1:infected_diamond_ore":1,"minecraft:ladder":1,"minecraft:granite":29,"minecraft:acacia_log":43,"born_in_chaos_v1:black_argillite":1,"minecraft:coal_block":30,"minecraft:hay_block":39,"minecraft:furnace":2,"minecraft:acacia_trapdoor":1,"minecraft:iron_ore":19,"minecraft:bookshelf":13,"minecraft:dirt_path":1,"minecraft:iron_block":2,"minecraft:stone":208,"minecraft:smithing_table":1,"minecraft:acacia_leaves":8,"minecraft:dandelion":1,"minecraft:crafting_table":2,"minecraft:torch":8,"minecraft:poppy":1,"minecraft:campfire":4,"minecraft:tall_grass":3,"minecraft:copper_ore":2,"minecraft:diorite":14,"minecraft:wall_torch":2,"minecraft:skeleton_skull":3,"epicpaladins:bloodstone_ore":6,"minecraft:birch_log":7,"minecraft:grass":6,"minecraft:oak_log":37,"minecraft:coal_ore":29,"minecraft:oak_fence_gate":1,"minecraft:gravel":7,"minecraft:dirt":4,"minecraft:oak_leaves":2,"epicpaladins:arclight_ore":6},"minecraft:crafted":{"minecraft:oak_planks":60,"minecraft:iron_axe":1,"minecraft:stone_pickaxe":1,"minecraft:wheat":315,"minecraft:crafting_table":2,"minecraft:wooden_pickaxe":1,"minecraft:acacia_trapdoor":2,"minecraft:bread":145,"minecraft:wooden_hoe":1,"minecraft:shield":1,"minecraft:stick":28,"quark:oak_chest":4,"minecraft:iron_ingot":18,"minecraft:iron_pickaxe":3,"minecraft:acacia_planks":12,"minecraft:torch":104},"minecraft:killed_by":{"mowziesmobs:ferrous_wroughtnaut":5},"minecraft:picked_up":{"born_in_chaos_v1:diamond_termite_shard":1,"minecraft:charcoal":8,"minecraft:iron_chestplate":2,"minecraft:crafting_table":2,"minecraft:wheat":85,"minecraft:ladder":1,"minecraft:smithing_table":1,"minecraft:potion":1,"minecraft:brewing_stand":1,"born_in_chaos_v1:black_argillite":1,"minecraft:raw_copper":10,"epicpaladins:bloodstone_gem":6,"minecraft:iron_leggings":2,"minecraft:armor_stand":3,"born_in_chaos_v1:intoxicating_decoction":3,"minecraft:item_frame":1,"minecraft:experience_bottle":2,"minecraft:beetroot":1,"minecraft:poppy":1,"minecraft:coal_block":30,"minecraft:birch_sapling":4,"minecraft:iron_boots":2,"minecraft:furnace":2,"minecraft:golden_helmet":1,"minecraft:stick":18,"minecraft:raw_iron":19,"epicpaladins:arclight_gem":6,"mowziesmobs:sol_visage":1,"minecraft:torch":12,"minecraft:acacia_log":45,"tombstone:grave_dust":2,"minecraft:diorite":14,"born_in_chaos_v1:pieceofdarkmetal":1,"minecraft:carrot":3,"minecraft:stone_pressure_plate":2,"mowziesmobs:umvuthana_mask_faith":3,"minecraft:rotten_flesh":14,"minecraft:stone_shovel":2,"minecraft:hay_block":35,"minecraft:iron_block":2,"mowziesmobs:umvuthana_mask_bliss":2,"minecraft:saddle":1,"minecraft:gold_ingot":2,"minecraft:skeleton_skull":3,"minecraft:cobblestone":208,"minecraft:birch_log":7,"minecraft:stripped_oak_log":4,"minecraft:feather":2,"born_in_chaos_v1:mint_ice_cream":1,"minecraft:oak_log":37,"mowziesmobs:wrought_axe":2,"minecraft:white_banner":1,"minecraft:paper":1,"minecraft:dirt":5,"minecraft:lantern":2,"minecraft:bone":3,"minecraft:apple":1,"mowziesmobs:umvuthana_mask_rage":1,"minecraft:wheat_seeds":153,"minecraft:acacia_trapdoor":1,"minecraft:oak_fence_gate":1,"minecraft:iron_ingot":2,"minecraft:stone_pickaxe":2,"minecraft:glass_bottle":1,"minecraft:acacia_sapling":23,"minecraft:iron_sword":1,"minecraft:stone_hoe":1,"minecraft:book":37,"born_in_chaos_v1:ethereal_spirit":1,"minecraft:dandelion":1,"minecraft:gravel":14,"born_in_chaos_v1:dark_rod":2,"mowziesmobs:wrought_helmet":2,"minecraft:white_bed":1,"enemyexpansion:trollface":1,"minecraft:iron_helmet":2,"minecraft:granite":29,"minecraft:emerald":2,"minecraft:oak_sapling":14,"minecraft:coal":27},"minecraft:custom":{"minecraft:mob_kills":13,"minecraft:interact_with_crafting_table":13,"minecraft:open_barrel":20,"minecraft:damage_dealt_resisted":208,"minecraft:leave_game":5,"minecraft:time_since_death":21379,"minecraft:climb_one_cm":4779,"minecraft:sprint_one_cm":463622,"minecraft:walk_one_cm":408159,"minecraft:drop":39,"minecraft:talked_to_villager":1,"minecraft:raid_win":1,"minecraft:play_time":140590,"minecraft:deaths":5,"minecraft:sneak_time":3087,"minecraft:walk_under_water_one_cm":7477,"minecraft:jump":2583,"minecraft:interact_with_brewingstand":5,"minecraft:walk_on_water_one_cm":6611,"minecraft:total_world_time":140590,"minecraft:interact_with_furnace":6,"tombstone:raider_killed":2,"minecraft:sleep_in_bed":10,"minecraft:time_since_rest":17015,"minecraft:damage_taken":2977,"minecraft:damage_dealt":4490,"minecraft:swim_one_cm":25376,"minecraft:fly_one_cm":540971,"minecraft:open_chest":25,"minecraft:crouch_one_cm":7249,"tombstone:undead_killed":4,"minecraft:fall_one_cm":56705}},"DataVersion":3465}