{"stats":{"minecraft:broken":{"securitycraft:universal_block_reinforcer_lvl1":1,"minecraft:iron_pickaxe":3},"minecraft:killed":{"born_in_chaos_v1:zombie_clown":1,"minecraft:cave_spider":1,"born_in_chaos_v1:mr_pumpkin":1,"born_in_chaos_v1:restless_spirit":1,"born_in_chaos_v1:zombie_lumberjack":1,"enemyexpansion:equestrian":1,"minecraft:spider":7,"born_in_chaos_v1:siamese_skeletonsright":1,"minecraft:skeleton":7,"alexscaves:radgill":1,"minecraft:chicken":1,"mowziesmobs:umvuthana_crane":2,"minecraft:silverfish":6,"minecraft:piglin_brute":1,"born_in_chaos_v1:firelight_not_despawn":1,"minecraft:piglin":3,"minecraft:pig":4,"alexscaves:gammaroach":1,"born_in_chaos_v1:diamond_termite":2,"born_in_chaos_v1:bone_imp":3,"mowziesmobs:umvuthana_follower_player":2,"minecraft:creeper":3,"minecraft:sheep":2,"minecraft:pillager":19,"minecraft:zombie":18,"born_in_chaos_v1:corpse_fly":1,"enemyexpansion:botfly":2,"minecraft:ghast":1,"born_in_chaos_v1:door_knight":1,"born_in_chaos_v1:siamese_skeletonsleft":1,"minecraft:cow":4,"alexscaves:brainiac":2,"enemyexpansion:invisicreeper":1,"born_in_chaos_v1:firelight":1,"born_in_chaos_v1:skeleton_thrasher_not_despawn":1,"enemyexpansion:direwolf":1,"enemyexpansion:goblin_fear":1,"alexscaves:nucleeper":2,"born_in_chaos_v1:zombie_bruiser":1,"born_in_chaos_v1:maggot":2,"minecraft:horse":1,"enemyexpansion:silverqueen":1,"enemyexpansion:goblin":2,"born_in_chaos_v1:baby_skeleton":1,"enemyexpansion:sprinter":2,"born_in_chaos_v1:decrepit_skeleton":9,"born_in_chaos_v1:decaying_zombie_not_despawn":1,"enemyexpansion:slugger":1},"minecraft:mined":{"minecraft:potted_pink_tulip":2,"minecraft:stone_pressure_plate":1,"minecraft:white_bed":2,"evilcraft:undead_leaves":45,"minecraft:obsidian":4,"minecraft:brewing_stand":1,"minecraft:spruce_trapdoor":4,"minecraft:granite":31,"minecraft:acacia_log":55,"minecraft:cracked_polished_blackstone_bricks":11,"minecraft:oak_pressure_plate":1,"minecraft:coal_block":30,"epicpaladins:moonlight_ore":6,"minecraft:polished_blackstone_bricks":11,"minecraft:iron_ore":35,"minecraft:cobbled_deepslate":2,"minecraft:fire":5,"alexscaves:rusty_scrap_metal":1,"minecraft:deepslate_lapis_ore":10,"minecraft:enchanting_table":1,"minecraft:pointed_dripstone":1,"minecraft:dirt_path":1,"alexscaves:rusty_scrap_metal_plate":1,"alexscaves:sulfur_bud_large":1,"minecraft:iron_block":2,"minecraft:deepslate_redstone_ore":11,"minecraft:torch":28,"minecraft:poppy":1,"minecraft:dead_bush":9,"minecraft:nether_quartz_ore":80,"minecraft:cobblestone":6,"alexscaves:rusty_scaffolding":1,"minecraft:oak_planks":1,"minecraft:damaged_anvil":1,"minecraft:wall_torch":9,"minecraft:skeleton_skull":3,"evilcraft:dark_ore_deepslate":16,"minecraft:birch_log":7,"minecraft:wheat":1,"minecraft:jukebox":1,"minecraft:grass":27,"minecraft:oak_log":45,"minecraft:oak_fence_gate":1,"minecraft:sand":32,"minecraft:dirt":4,"alexscaves:unrefined_waste":3,"minecraft:netherrack":28,"minecraft:deepslate":174,"minecraft:oak_leaves":12,"epicpaladins:arclight_ore":11,"evilcraft:hardened_blood":4,"minecraft:diamond_ore":2,"minecraft:tuff":1,"minecraft:deepslate_diamond_ore":22,"alexscaves:radrock":24,"born_in_chaos_v1:infected_diamond_ore":1,"minecraft:lever":1,"minecraft:ladder":1,"minecraft:stone_button":1,"alexscaves:sulfur_cluster":1,"born_in_chaos_v1:black_argillite":2,"minecraft:cartography_table":1,"minecraft:hay_block":77,"alexscaves:radrock_uranium_ore":18,"minecraft:furnace":2,"minecraft:acacia_trapdoor":1,"minecraft:andesite":6,"evilcraft:dark_ore":3,"minecraft:bookshelf":85,"minecraft:deepslate_iron_ore":37,"minecraft:warped_stem":7,"minecraft:stripped_acacia_log":3,"minecraft:stripped_oak_log":12,"minecraft:stone":224,"alexscaves:scrap_metal":1,"minecraft:smithing_table":2,"minecraft:acacia_leaves":8,"minecraft:dandelion":3,"travelersbackpack:standard":1,"minecraft:oak_fence":2,"minecraft:crafting_table":3,"minecraft:campfire":4,"minecraft:lectern":33,"minecraft:copper_ore":2,"minecraft:tall_grass":3,"minecraft:deepslate_coal_ore":1,"minecraft:deepslate_gold_ore":28,"minecraft:polished_blackstone_brick_stairs":1,"minecraft:diorite":14,"minecraft:purple_bed":2,"epicpaladins:bloodstone_ore":6,"alexscaves:waste_drum":1,"minecraft:coal_ore":70,"evilcraft:undead_log":9,"minecraft:gravel":17,"minecraft:dripstone_block":2,"minecraft:terracotta":1,"minecraft:acacia_planks":2,"minecraft:gold_ore":5},"minecraft:picked_up":{"minecraft:iron_chestplate":4,"alexscaves:waste_drum":1,"minecraft:wheat":171,"alexscaves:radgill":2,"minecraft:flower_pot":2,"minecraft:smithing_table":2,"alexscaves:unrefined_waste":2,"minecraft:oak_stairs":3,"minecraft:enchanted_book":2,"minecraft:potion":1,"minecraft:brewing_stand":1,"born_in_chaos_v1:black_argillite":2,"minecraft:polished_blackstone_brick_stairs":1,"minecraft:string":6,"minecraft:raw_copper":10,"minecraft:iron_leggings":3,"minecraft:armor_stand":6,"epicpaladins:bloodstone_gem":9,"minecraft:pufferfish":1,"minecraft:experience_bottle":3,"minecraft:beetroot":1,"minecraft:gold_nugget":6,"minecraft:cobbled_deepslate":178,"minecraft:cobblestone_slab":4,"minecraft:netherite_upgrade_smithing_template":1,"minecraft:coal_block":30,"minecraft:furnace":2,"minecraft:iron_boots":4,"minecraft:golden_helmet":3,"minecraft:stick":18,"born_in_chaos_v1:shattered_skull":2,"quark:glow_shroom_ring":4,"minecraft:jukebox":1,"epicpaladins:arclight_gem":31,"mowziesmobs:sol_visage":1,"minecraft:oak_fence":3,"minecraft:torch":114,"minecraft:acacia_log":57,"minecraft:porkchop":11,"minecraft:diorite":14,"minecraft:pointed_dripstone":4,"tombstone:grave_dust":9,"minecraft:music_disc_pigstep":2,"epicpaladins:moonlight_gem":17,"minecraft:brown_carpet":1,"epicpaladins:cryorium_gem":5,"minecraft:rotten_flesh":38,"minecraft:iron_block":2,"minecraft:obsidian":4,"minecraft:cod":2,"minecraft:cobblestone":236,"minecraft:birch_log":7,"minecraft:enchanting_table":1,"minecraft:feather":2,"minecraft:water_bucket":1,"minecraft:andesite":6,"minecraft:golden_leggings":2,"born_in_chaos_v1:mint_ice_cream":1,"minecraft:potato":1,"minecraft:flint":1,"minecraft:tuff":3,"evilcraft:flesh_humanoid":1,"minecraft:lapis_lazuli":143,"alexscaves:rusty_scrap_metal":1,"minecraft:dirt":16,"minecraft:lantern":4,"securitycraft:reinforced_stone_button":10,"minecraft:bone":33,"minecraft:acacia_planks":2,"minecraft:bow":1,"minecraft:wheat_seeds":318,"minecraft:raw_gold":103,"minecraft:stone_hoe":1,"minecraft:oak_planks":1,"alexscaves:rusty_scrap_metal_plate":1,"minecraft:oak_pressure_plate":2,"alexscaves:uranium":60,"evilcraft:dark_gem_crushed":53,"minecraft:sand":32,"minecraft:dead_bush":10,"alexscaves:radon_bottle":1,"minecraft:stripped_acacia_log":3,"born_in_chaos_v1:fire_dust":2,"minecraft:diamond":67,"minecraft:lever":1,"minecraft:cracked_polished_blackstone_bricks":10,"minecraft:crossbow":2,"minecraft:granite":31,"minecraft:emerald":3,"minecraft:oak_sapling":17,"minecraft:netherrack":25,"mca:bouquet":1,"minecraft:fishing_rod":2,"minecraft:charcoal":8,"minecraft:crafting_table":3,"born_in_chaos_v1:diamond_termite_shard":2,"minecraft:azure_bluet":5,"evilcraft:dark_power_gem":1,"minecraft:chicken":1,"minecraft:ladder":1,"minecraft:shield":1,"born_in_chaos_v1:intoxicating_decoction":3,"minecraft:item_frame":1,"alexscaves:scrap_metal":1,"minecraft:cartography_table":1,"minecraft:beef":8,"minecraft:poppy":1,"evilcraft:hardened_blood_shard":32,"minecraft:lectern":33,"minecraft:birch_sapling":4,"minecraft:spruce_trapdoor":4,"minecraft:egg":2,"minecraft:raw_iron":137,"minecraft:polished_blackstone_bricks":10,"minecraft:stone_button":1,"born_in_chaos_v1:pieceofdarkmetal":11,"minecraft:carrot":3,"minecraft:redstone":74,"minecraft:stone_pressure_plate":2,"mowziesmobs:umvuthana_mask_faith":3,"minecraft:arrow":11,"minecraft:stone_shovel":2,"minecraft:hay_block":73,"minecraft:pink_tulip":2,"mowziesmobs:umvuthana_mask_bliss":2,"minecraft:saddle":1,"minecraft:gold_ingot":5,"minecraft:skeleton_skull":3,"born_in_chaos_v1:fused_bone":1,"minecraft:stripped_oak_log":15,"born_in_chaos_v1:corpse_maggot":3,"minecraft:golden_carrot":3,"minecraft:glow_ink_sac":3,"alexscaves:sulfur_dust":3,"minecraft:salmon":3,"minecraft:leather":8,"minecraft:oak_log":44,"minecraft:gunpowder":6,"mowziesmobs:wrought_axe":2,"minecraft:paper":1,"minecraft:white_banner":2,"minecraft:cooked_mutton":1,"minecraft:apple":1,"mowziesmobs:umvuthana_mask_rage":1,"minecraft:acacia_trapdoor":1,"minecraft:warped_stem":6,"minecraft:rabbit_hide":8,"minecraft:oak_fence_gate":1,"minecraft:iron_ingot":2,"alexscaves:radrock":25,"alexscaves:green_soylent":2,"minecraft:stone_pickaxe":2,"securitycraft:universal_block_reinforcer_lvl1":1,"tombstone:bag_of_seeds":2,"minecraft:glass_bottle":1,"minecraft:iron_sword":2,"minecraft:acacia_sapling":23,"minecraft:book":253,"artifacts:obsidian_skull":1,"evilcraft:undead_log":9,"minecraft:sweet_berries":3,"born_in_chaos_v1:lifestealer_bone":3,"alexscaves:fissile_core":1,"minecraft:quartz":254,"born_in_chaos_v1:ethereal_spirit":2,"minecraft:dandelion":2,"minecraft:dripstone_block":2,"minecraft:gravel":23,"born_in_chaos_v1:dark_rod":2,"mowziesmobs:wrought_helmet":2,"minecraft:white_bed":2,"minecraft:spruce_log":1,"minecraft:spider_eye":2,"travelersbackpack:standard":1,"enemyexpansion:trollface":1,"minecraft:purple_bed":1,"evilcraft:dark_gem":127,"minecraft:iron_helmet":3,"alexscaves:rusty_scaffolding":1,"minecraft:terracotta":1,"tombstone:magic_scroll":2,"minecraft:damaged_anvil":1,"minecraft:coal":125},"minecraft:dropped":{"minecraft:glass_bottle":4,"minecraft:crossbow":2,"minecraft:netherite_upgrade_smithing_template":1,"mowziesmobs:umvuthana_mask_faith":3,"minecraft:cobblestone_stairs":1,"alexscaves:rusty_scrap_metal":1,"minecraft:dirt":7,"minecraft:polished_blackstone_brick_stairs":1,"mowziesmobs:umvuthana_mask_bliss":2,"alexscaves:scrap_metal":1,"minecraft:fishing_rod":2,"minecraft:armor_stand":2,"mowziesmobs:umvuthana_mask_rage":3,"alexscaves:radrock":24,"minecraft:wheat":4,"minecraft:pointed_dripstone":3,"minecraft:beetroot":1,"minecraft:rotten_flesh":23,"alexscaves:rusty_scrap_metal_plate":1,"minecraft:azure_bluet":4,"evilcraft:flesh_humanoid":2,"quark:glow_shroom_ring":4,"minecraft:stone_brick_wall":2,"born_in_chaos_v1:corpse_maggot":1,"minecraft:acacia_sapling":4,"minecraft:water_bucket":1,"minecraft:wheat_seeds":319,"minecraft:golden_helmet":1,"minecraft:iron_helmet":2,"minecraft:cobblestone":1,"evilcraft:dark_gem":2,"evilcraft:vengeance_pickaxe":1,"mowziesmobs:wrought_axe":1,"minecraft:pufferfish":1,"minecraft:stick":1,"mowziesmobs:sol_visage":1,"tombstone:magic_scroll":1,"minecraft:torch":33,"minecraft:wooden_hoe":1,"artifacts:obsidian_skull":1,"epicpaladins:cryorium_gem":1,"alexscaves:unrefined_waste":1,"minecraft:iron_leggings":3,"mowziesmobs:wrought_helmet":1,"minecraft:white_banner":1,"minecraft:paper":1,"minecraft:string":3,"minecraft:tuff":2,"minecraft:chicken":1,"minecraft:iron_boots":2,"minecraft:potato":1,"minecraft:cobblestone_slab":2,"minecraft:iron_chestplate":2,"minecraft:andesite":1,"minecraft:golden_leggings":1,"minecraft:oak_sapling":15,"minecraft:spider_eye":1,"minecraft:bow":1,"minecraft:stone_pickaxe":2,"minecraft:wooden_pickaxe":1,"securitycraft:universal_block_reinforcer_lvl1":1},"minecraft:used":{"minecraft:ladder":1,"minecraft:poppy":1,"evilcraft:blood_chest":1,"minecraft:shield":9,"minecraft:iron_sword":11,"securitycraft:keypad_item":1,"minecraft:acacia_sapling":19,"minecraft:tuff":1,"minecraft:milk_bucket":1,"minecraft:music_disc_pigstep":3,"minecraft:lantern":3,"minecraft:birch_sapling":4,"minecraft:item_frame":1,"minecraft:brown_carpet":1,"minecraft:sweet_berries":3,"minecraft:oak_sapling":2,"minecraft:furnace":4,"minecraft:egg":2,"alexscaves:unrefined_waste":1,"minecraft:diorite":14,"minecraft:damaged_anvil":1,"minecraft:stone_pickaxe":1,"minecraft:acacia_trapdoor":3,"minecraft:oak_planks":1,"minecraft:wooden_pickaxe":3,"minecraft:golden_apple":2,"minecraft:glow_berries":1,"evilcraft:undead_sapling":1,"minecraft:dripstone_block":1,"minecraft:shears":9,"minecraft:lever":1,"minecraft:stone_button":1,"minecraft:bread":220,"minecraft:string":2,"minecraft:lectern":31,"tombstone:grave_key":4,"minecraft:oak_pressure_plate":2,"minecraft:gravel":9,"minecraft:smithing_table":2,"epicpaladins:angel_sword":24,"minecraft:bone_meal":2,"minecraft:experience_bottle":3,"minecraft:oak_fence":2,"minecraft:enchanting_table":2,"minecraft:acacia_log":2,"minecraft:flint_and_steel":4,"minecraft:armor_stand":3,"minecraft:stone_shovel":32,"evilcraft:vengeance_pickaxe":335,"born_in_chaos_v1:black_argillite":2,"minecraft:stone_hoe":25,"minecraft:torch":407,"minecraft:brewing_stand":1,"minecraft:dirt":3,"minecraft:salmon_bucket":1,"alexscaves:waste_drum":1,"minecraft:oak_fence_gate":1,"minecraft:granite":6,"minecraft:bookshelf":8,"minecraft:iron_axe":104,"minecraft:oak_stairs":3,"evilcraft:box_of_eternal_closure":1,"minecraft:golden_carrot":3,"tombstone:gift":9,"minecraft:stone_pressure_plate":2,"minecraft:cobbled_deepslate":23,"minecraft:acacia_planks":8,"minecraft:pointed_dripstone":1,"minecraft:wheat_seeds":1,"minecraft:cooked_mutton":1,"born_in_chaos_v1:mint_ice_cream":1,"minecraft:water_bucket":88,"minecraft:glass_bottle":1,"minecraft:cartography_table":1,"evilcraft:blood_infuser":1,"minecraft:cobblestone_slab":2,"born_in_chaos_v1:stimulating_decoction":1,"minecraft:polished_blackstone_bricks":7,"minecraft:salmon":2,"quark:acacia_bookshelf":7,"minecraft:terracotta":1,"minecraft:crafting_table":4,"minecraft:white_bed":2,"minecraft:warped_planks":24,"minecraft:cake":1,"mowziesmobs:wrought_axe":541,"tombstone:bag_of_seeds":1,"minecraft:flower_pot":2,"minecraft:wooden_hoe":10,"alexscaves:rusty_scaffolding":1,"minecraft:cracked_polished_blackstone_bricks":4,"minecraft:iron_pickaxe":625,"minecraft:spruce_trapdoor":1,"minecraft:fishing_rod":15,"minecraft:purple_bed":1,"minecraft:cobblestone":20,"minecraft:potion":3,"travelersbackpack:standard":9,"minecraft:white_banner":1,"minecraft:cooked_porkchop":4,"minecraft:bucket":90,"quark:oak_chest":6,"minecraft:dandelion":1,"alexscaves:radrock":1,"minecraft:jukebox":1},"minecraft:crafted":{"epicpaladins:arclight_sword":1,"minecraft:oak_planks":132,"quark:birch_chest":1,"travelersbackpack:crafting_upgrade":1,"minecraft:stone":44,"securitycraft:keypad_item":1,"minecraft:bookshelf":8,"minecraft:heavy_weighted_pressure_plate":1,"quark:acacia_bookshelf":7,"minecraft:warped_planks":24,"securitycraft:laser_block":2,"minecraft:glass":32,"minecraft:diamond_helmet":1,"epicpaladins:angel_sword":1,"minecraft:diamond_leggings":2,"evilcraft:blood_extractor":9,"evilcraft:undead_planks":4,"minecraft:crafting_table":2,"minecraft:spruce_planks":4,"minecraft:wooden_pickaxe":1,"minecraft:gold_block":1,"minecraft:birch_planks":28,"minecraft:wooden_hoe":1,"minecraft:shield":1,"minecraft:stick":92,"quark:oak_chest":6,"minecraft:iron_ingot":241,"minecraft:iron_pickaxe":3,"minecraft:gold_ingot":106,"evilcraft:vengeance_pickaxe":1,"minecraft:shears":1,"securitycraft:universal_block_reinforcer_lvl1":2,"evilcraft:dark_spike":32,"minecraft:coal":54,"minecraft:fishing_rod":1,"evilcraft:blood_chest":1,"minecraft:furnace":2,"minecraft:stone_button":10,"minecraft:bone_meal":24,"travelersbackpack:blank_upgrade":4,"travelersbackpack:gold_tier_upgrade":1,"minecraft:glass_pane":16,"minecraft:flint_and_steel":1,"epicpaladins:arclight_template":1,"minecraft:leather":2,"minecraft:iron_axe":1,"minecraft:stone_pickaxe":1,"evilcraft:dark_stick":4,"minecraft:diamond_boots":2,"minecraft:redstone_block":2,"mca:whistle":1,"travelersbackpack:diamond_tier_upgrade":1,"minecraft:wheat":657,"evilcraft:blood_infusion_core":3,"minecraft:enchanting_table":1,"travelersbackpack:backpack_tank":2,"minecraft:acacia_trapdoor":2,"tombstone:ankh_of_pray":1,"minecraft:bread":265,"minecraft:air":0,"evilcraft:blood_infuser":1,"minecraft:acacia_planks":72,"minecraft:torch":324,"mca:wedding_ring":1,"minecraft:diamond_chestplate":2},"minecraft:killed_by":{"minecraft:piglin_brute":3,"alexscaves:brainiac":1,"mowziesmobs:ferrous_wroughtnaut":5},"minecraft:custom":{"minecraft:interact_with_crafting_table":49,"minecraft:open_barrel":29,"minecraft:eat_cake_slice":1,"minecraft:leave_game":10,"minecraft:time_since_death":162276,"minecraft:sprint_one_cm":1963197,"minecraft:damage_blocked_by_shield":290,"minecraft:drop":112,"minecraft:talked_to_villager":1,"minecraft:play_time":595960,"minecraft:deaths":9,"minecraft:jump":10718,"minecraft:interact_with_brewingstand":5,"minecraft:enchant_item":6,"minecraft:walk_on_water_one_cm":54723,"minecraft:interact_with_furnace":32,"minecraft:play_record":3,"minecraft:interact_with_loom":1,"minecraft:sleep_in_bed":33,"minecraft:damage_dealt":29327,"minecraft:crouch_one_cm":66997,"tombstone:undead_killed":52,"minecraft:interact_with_smithing_table":6,"minecraft:mob_kills":134,"minecraft:damage_dealt_resisted":1101,"minecraft:climb_one_cm":18304,"minecraft:walk_one_cm":1760902,"minecraft:raid_win":1,"minecraft:sneak_time":23449,"minecraft:walk_under_water_one_cm":22479,"minecraft:boat_one_cm":30621,"minecraft:interact_with_blast_furnace":18,"minecraft:total_world_time":595960,"tombstone:raider_killed":19,"minecraft:pot_flower":2,"minecraft:time_since_rest":74903,"minecraft:damage_absorbed":40,"minecraft:damage_taken":8991,"minecraft:trigger_trapped_chest":2,"minecraft:swim_one_cm":73471,"minecraft:fly_one_cm":2101492,"minecraft:open_chest":232,"minecraft:fish_caught":4,"minecraft:fall_one_cm":267306}},"DataVersion":3465}