{
  "travelersbackpack:standard_from_custom": {
    "criteria": {
      "has_the_recipe": "2024-07-21 18:48:17 +0000"
    },
    "done": true
  },
  "mca:recipes/building_blocks/headstones": {
    "criteria": {
      "has_the_cross_recipe": "2024-07-21 18:48:17 +0000"
    },
    "done": true
  },
  "mowziesmobs:root": {
    "criteria": {
      "custom_test_name": "2024-07-21 18:48:17 +0000"
    },
    "done": true
  },
  "born_in_chaos_v1:bornin_chaos": {
    "criteria": {
      "bornin_chaos_0": "2024-07-21 18:48:17 +0000"
    },
    "done": true
  },
  "cataclysm:root": {
    "criteria": {
      "custom_test_name": "2024-07-21 18:48:17 +0000"
    },
    "done": true
  },
  "minecraft:adventure/adventuring_time": {
    "criteria": {
      "minecraft:old_growth_pine_taiga": "2024-07-23 20:37:13 +0000",
      "minecraft:taiga": "2024-07-23 20:18:10 +0000",
      "minecraft:eroded_badlands": "2024-07-22 22:43:00 +0000",
      "minecraft:birch_forest": "2024-07-23 20:11:53 +0000",
      "minecraft:badlands": "2024-07-21 18:48:18 +0000",
      "minecraft:beach": "2024-07-23 20:25:33 +0000",
      "minecraft:river": "2024-07-22 00:34:43 +0000",
      "minecraft:stony_shore": "2024-07-21 18:48:36 +0000",
      "minecraft:dripstone_caves": "2024-07-22 02:07:10 +0000",
      "minecraft:cold_ocean": "2024-07-23 20:26:25 +0000",
      "minecraft:forest": "2024-07-21 20:50:28 +0000",
      "minecraft:old_growth_spruce_taiga": "2024-07-23 20:28:38 +0000",
      "minecraft:old_growth_birch_forest": "2024-07-23 20:10:57 +0000",
      "minecraft:meadow": "2024-07-23 20:18:16 +0000",
      "minecraft:savanna": "2024-07-21 23:27:07 +0000",
      "minecraft:plains": "2024-07-21 20:49:31 +0000"
    },
    "done": false
  },
  "tombstone:adventure/root": {
    "criteria": {
      "auto": "2024-07-21 18:48:18 +0000"
    },
    "done": true
  },
  "mca:root": {
    "criteria": {
      "village_plains": "2024-07-21 20:49:31 +0000"
    },
    "done": true
  },
  "minecraft:story/obtain_armor": {
    "criteria": {
      "iron_boots": "2024-07-21 20:49:53 +0000"
    },
    "done": true
  },
  "mca:recipes/misc/family_tree": {
    "criteria": {
      "has_item": "2024-07-21 20:49:58 +0000"
    },
    "done": true
  },
  "mca:recipes/misc/comb": {
    "criteria": {
      "has_item": "2024-07-21 20:49:58 +0000"
    },
    "done": true
  },
  "mca:recipes/misc/needle_and_thread": {
    "criteria": {
      "has_item": "2024-07-21 20:49:58 +0000"
    },
    "done": true
  },
  "minecraft:story/mine_stone": {
    "criteria": {
      "get_stone": "2024-07-21 20:49:58 +0000"
    },
    "done": true
  },
  "minecraft:story/upgrade_tools": {
    "criteria": {
      "stone_pickaxe": "2024-07-21 20:49:58 +0000"
    },
    "done": true
  },
  "mca:recipes/misc/whistle": {
    "criteria": {
      "has_item": "2024-07-21 20:49:58 +0000"
    },
    "done": true
  },
  "immersive_aircraft:misc/aircraftery": {
    "criteria": {
      "has_item": "2024-07-21 20:49:58 +0000"
    },
    "done": true
  },
  "minecraft:story/smelt_iron": {
    "criteria": {
      "iron": "2024-07-21 20:49:58 +0000"
    },
    "done": true
  },
  "minecraft:story/root": {
    "criteria": {
      "crafting_table": "2024-07-21 20:50:10 +0000"
    },
    "done": true
  },
  "minecraft:husbandry/balanced_diet": {
    "criteria": {
      "cooked_mutton": "2024-07-21 23:31:49 +0000",
      "cooked_beef": "2024-07-23 18:50:57 +0000",
      "baked_potato": "2024-07-23 20:12:01 +0000",
      "bread": "2024-07-21 23:24:54 +0000",
      "golden_apple": "2024-07-23 18:44:53 +0000",
      "golden_carrot": "2024-07-22 22:20:39 +0000",
      "cooked_salmon": "2024-07-23 21:31:17 +0000",
      "carrot": "2024-07-23 17:54:58 +0000"
    },
    "done": false
  },
  "minecraft:husbandry/root": {
    "criteria": {
      "consumed_item": "2024-07-21 23:24:54 +0000"
    },
    "done": true
  },
  "minecraft:adventure/sleep_in_bed": {
    "criteria": {
      "slept_in_bed": "2024-07-21 23:25:41 +0000"
    },
    "done": true
  },
  "minecraft:adventure/root": {
    "criteria": {
      "killed_something": "2024-07-21 23:26:20 +0000"
    },
    "done": true
  },
  "minecraft:adventure/kill_all_mobs": {
    "criteria": {
      "minecraft:pillager": "2024-07-22 00:31:45 +0000",
      "minecraft:skeleton": "2024-07-22 01:17:27 +0000",
      "minecraft:zoglin": "2024-07-21 23:48:00 +0000",
      "minecraft:ghast": "2024-07-21 23:44:54 +0000",
      "minecraft:spider": "2024-07-22 01:17:37 +0000",
      "minecraft:piglin_brute": "2024-07-22 22:12:57 +0000",
      "minecraft:creeper": "2024-07-22 21:35:03 +0000",
      "quark:forgotten": "2024-07-23 18:49:01 +0000",
      "minecraft:witch": "2024-07-22 21:39:41 +0000",
      "minecraft:piglin": "2024-07-22 22:11:38 +0000",
      "minecraft:silverfish": "2024-07-22 21:24:09 +0000",
      "minecraft:enderman": "2024-07-23 18:41:56 +0000",
      "minecraft:zombie": "2024-07-21 23:26:20 +0000"
    },
    "done": false
  },
  "minecraft:adventure/kill_a_mob": {
    "criteria": {
      "minecraft:zombie": "2024-07-21 23:26:20 +0000"
    },
    "done": true
  },
  "minecraft:story/iron_tools": {
    "criteria": {
      "iron_pickaxe": "2024-07-21 23:40:43 +0000"
    },
    "done": true
  },
  "minecraft:nether/return_to_sender": {
    "criteria": {
      "killed_ghast": "2024-07-21 23:44:54 +0000"
    },
    "done": true
  },
  "minecraft:nether/uneasy_alliance": {
    "criteria": {
      "killed_ghast": "2024-07-21 23:44:54 +0000"
    },
    "done": true
  },
  "mca:recipes/misc/bouquet": {
    "criteria": {
      "has_item": "2024-07-21 23:48:05 +0000"
    },
    "done": true
  },
  "minecraft:story/mine_diamond": {
    "criteria": {
      "diamond": "2024-07-22 00:29:40 +0000"
    },
    "done": true
  },
  "tombstone:adventure/ambush": {
    "criteria": {
      "coded_trigger": "2024-07-22 00:31:45 +0000"
    },
    "done": true
  },
  "tombstone:adventure/first_knowledge": {
    "criteria": {
      "coded_trigger": "2024-07-22 00:31:45 +0000"
    },
    "done": true
  },
  "tombstone:adventure/find_grave_dust": {
    "criteria": {
      "from_undead": "2024-07-22 00:36:19 +0000"
    },
    "done": true
  },
  "tombstone:adventure/ashes_and_bones": {
    "criteria": {
      "coded_trigger": "2024-07-22 00:36:19 +0000"
    },
    "done": true
  },
  "tombstone:recipes/from_grave_dust": {
    "criteria": {
      "has_ingredient": "2024-07-22 00:36:23 +0000"
    },
    "done": true
  },
  "tombstone:adventure/choose_knowledge": {
    "criteria": {
      "coded_trigger": "2024-07-22 00:36:31 +0000"
    },
    "done": true
  },
  "artifacts:amateur_archaeologist": {
    "criteria": {
      "find_artifact": "2024-07-22 00:45:39 +0000"
    },
    "done": true
  },
  "mca:recipes/misc/potions": {
    "criteria": {
      "has_item": "2024-07-22 00:49:28 +0000"
    },
    "done": true
  },
  "born_in_chaos_v1:dark_metallurgy": {
    "criteria": {
      "dark_metallurgy_0": "2024-07-22 01:16:43 +0000"
    },
    "done": true
  },
  "minecraft:husbandry/bred_all_animals": {
    "criteria": {
      "minecraft:cow": "2024-07-22 01:18:24 +0000",
      "minecraft:pig": "2024-07-23 18:16:24 +0000",
      "minecraft:sheep": "2024-07-22 01:19:13 +0000"
    },
    "done": false
  },
  "minecraft:husbandry/breed_an_animal": {
    "criteria": {
      "bred": "2024-07-22 01:18:24 +0000"
    },
    "done": true
  },
  "mowziesmobs:sneak_grove": {
    "criteria": {
      "steal_crystal": "2024-07-22 01:21:03 +0000"
    },
    "done": true
  },
  "mowziesmobs:kill_umvuthi": {
    "criteria": {
      "barako": "2024-07-22 01:21:54 +0000"
    },
    "done": true
  },
  "minecraft:story/deflect_arrow": {
    "criteria": {
      "deflected_projectile": "2024-07-22 01:32:53 +0000"
    },
    "done": true
  },
  "born_in_chaos_v1:junior_summoner": {
    "criteria": {
      "junior_summoner_0": "2024-07-22 01:33:03 +0000"
    },
    "done": true
  },
  "born_in_chaos_v1:pieceof_chaos": {
    "criteria": {
      "pieceof_chaos_0": "2024-07-22 01:33:13 +0000"
    },
    "done": true
  },
  "evilcraft:root": {
    "criteria": {
      "criteria_0": "2024-07-22 01:34:20 +0000"
    },
    "done": true
  },
  "minecraft:story/lava_bucket": {
    "criteria": {
      "lava_bucket": "2024-07-22 01:35:17 +0000"
    },
    "done": true
  },
  "minecraft:adventure/ol_betsy": {
    "criteria": {
      "shot_crossbow": "2024-07-22 01:39:39 +0000"
    },
    "done": true
  },
  "tombstone:adventure/first_grave": {
    "criteria": {
      "coded_trigger": "2024-07-22 01:46:21 +0000"
    },
    "done": true
  },
  "tombstone:adventure/strong_or_careful": {
    "criteria": {
      "coded_trigger": "2024-07-22 01:46:21 +0000"
    },
    "done": true
  },
  "tombstone:recipes/from_grave_key": {
    "criteria": {
      "has_ingredient": "2024-07-22 01:46:23 +0000"
    },
    "done": true
  },
  "mowziesmobs:kill_ferrous_wroughtnaut": {
    "criteria": {
      "ferrous_wroughtnaut": "2024-07-22 01:49:11 +0000"
    },
    "done": true
  },
  "evilcraft:first_age": {
    "criteria": {
      "criteria_0": "2024-07-22 02:02:55 +0000"
    },
    "done": true
  },
  "mca:recipes/misc/rose_gold_dust": {
    "criteria": {
      "has_item": "2024-07-22 02:09:47 +0000"
    },
    "done": true
  },
  "evilcraft:evil_source": {
    "criteria": {
      "criteria_0": "2024-07-22 02:10:43 +0000"
    },
    "done": true
  },
  "alexscaves:alexscaves/root": {
    "criteria": {
      "underground_cabin": "2024-07-22 02:16:39 +0000"
    },
    "done": true
  },
  "alexscaves:alexscaves/cave_tablet": {
    "criteria": {
      "cave_tablet": "2024-07-22 02:17:22 +0000"
    },
    "done": true
  },
  "alexscaves:alexscaves/cave_book": {
    "criteria": {
      "cave_book": "2024-07-22 02:17:24 +0000"
    },
    "done": true
  },
  "mca:recipes/misc/books": {
    "criteria": {
      "has_item": "2024-07-22 02:17:25 +0000"
    },
    "done": true
  },
  "mca:recipes/misc/blueprint": {
    "criteria": {
      "has_item": "2024-07-22 02:17:25 +0000"
    },
    "done": true
  },
  "tombstone:adventure/create_magic_scroll": {
    "criteria": {
      "has_magic_scroll": "2024-07-22 21:28:10 +0000"
    },
    "done": true
  },
  "minecraft:husbandry/fishy_business": {
    "criteria": {
      "cod": "2024-07-22 21:47:12 +0000"
    },
    "done": true
  },
  "evilcraft:second_age": {
    "criteria": {
      "criteria_0": "2024-07-22 21:52:25 +0000"
    },
    "done": true
  },
  "minecraft:nether/root": {
    "criteria": {
      "entered_nether": "2024-07-22 22:10:37 +0000"
    },
    "done": true
  },
  "minecraft:story/enter_the_nether": {
    "criteria": {
      "entered_nether": "2024-07-22 22:10:37 +0000"
    },
    "done": true
  },
  "minecraft:nether/explore_nether": {
    "criteria": {
      "minecraft:crimson_forest": "2024-07-22 22:15:43 +0000",
      "minecraft:nether_wastes": "2024-07-22 22:11:16 +0000",
      "minecraft:warped_forest": "2024-07-22 22:10:38 +0000"
    },
    "done": false
  },
  "minecraft:nether/find_bastion": {
    "criteria": {
      "bastion": "2024-07-22 22:11:04 +0000"
    },
    "done": true
  },
  "minecraft:nether/loot_bastion": {
    "criteria": {
      "loot_bastion_other": "2024-07-22 22:12:59 +0000"
    },
    "done": true
  },
  "minecraft:story/form_obsidian": {
    "criteria": {
      "obsidian": "2024-07-22 22:13:03 +0000"
    },
    "done": true
  },
  "tombstone:adventure/create_magic_tablet": {
    "criteria": {
      "has_magic_tablet": "2024-07-22 22:13:25 +0000"
    },
    "done": true
  },
  "tombstone:adventure/cancel_ghostly_shape": {
    "criteria": {
      "coded_trigger": "2024-07-22 22:40:30 +0000"
    },
    "done": true
  },
  "born_in_chaos_v1:pumpkin_sir": {
    "criteria": {
      "pumpkin_sir_0": "2024-07-22 22:40:39 +0000"
    },
    "done": true
  },
  "born_in_chaos_v1:symphonyof_chaos": {
    "criteria": {
      "symphonyof_chaos_1": "2024-07-22 22:40:39 +0000"
    },
    "done": false
  },
  "born_in_chaos_v1:squireofthe_dark_lord": {
    "criteria": {
      "squireofthe_dark_lord_6": "2024-07-22 22:40:39 +0000"
    },
    "done": false
  },
  "tombstone:adventure/bone_crusher": {
    "criteria": {
      "coded_trigger": "2024-07-23 18:10:19 +0000"
    },
    "done": true
  },
  "minecraft:husbandry/plant_seed": {
    "criteria": {
      "nether_wart": "2024-07-23 18:43:17 +0000"
    },
    "done": true
  },
  "quark:get_forgotten_hat": {
    "criteria": {
      "get_forgotten_hat": "2024-07-23 18:49:02 +0000"
    },
    "done": true
  },
  "alexscaves:alexscaves/polymer_plate": {
    "criteria": {
      "cooked_dinosaur_chop": "2024-07-23 21:35:48 +0000"
    },
    "done": true
  },
  "alexscaves:alexscaves/radon_bottle": {
    "criteria": {
      "radon_bottle": "2024-07-23 21:04:59 +0000"
    },
    "done": true
  },
  "minecraft:husbandry/tame_an_animal": {
    "criteria": {
      "tamed_animal": "2024-07-23 21:10:07 +0000"
    },
    "done": true
  },
  "alexscaves:alexscaves/uranium": {
    "criteria": {
      "uranium": "2024-07-23 20:52:33 +0000"
    },
    "done": true
  },
  "alexscaves:alexscaves/cave_map": {
    "criteria": {
      "cave_map": "2024-07-23 20:03:39 +0000"
    },
    "done": true
  },
  "minecraft:nether/get_wither_skull": {
    "criteria": {
      "wither_skull": "2024-07-23 20:20:09 +0000"
    },
    "done": true
  },
  "alexscaves:alexscaves/toxic_paste": {
    "criteria": {
      "toxic_paste": "2024-07-23 21:01:25 +0000"
    },
    "done": true
  },
  "alexscaves:alexscaves/tame_raycat": {
    "criteria": {
      "killed": "2024-07-23 21:10:07 +0000"
    },
    "done": true
  },
  "alexscaves:alexscaves/sulfur_dust": {
    "criteria": {
      "sulfur_dust": "2024-07-23 20:54:05 +0000"
    },
    "done": true
  },
  "alexscaves:alexscaves/hazmat_armor": {
    "criteria": {
      "shirt": "2024-07-23 21:36:06 +0000",
      "pants": "2024-07-23 21:36:09 +0000",
      "helmet": "2024-07-23 21:36:11 +0000",
      "boots": "2024-07-23 21:36:13 +0000"
    },
    "done": true
  },
  "alexscaves:alexscaves/cave_codex": {
    "criteria": {
      "cave_codex": "2024-07-23 20:03:30 +0000"
    },
    "done": true
  },
  "alexscaves:alexscaves/enter_acid_with_armor": {
    "criteria": {
      "enter_acid_with_armor": "2024-07-23 21:01:00 +0000"
    },
    "done": true
  },
  "alexscaves:alexscaves/discover_toxic_caves": {
    "criteria": {
      "discover": "2024-07-23 20:48:26 +0000"
    },
    "done": true
  },
  "alexscaves:alexscaves/defeat_nucleeper": {
    "criteria": {
      "killed": "2024-07-23 20:49:59 +0000"
    },
    "done": true
  },
  "DataVersion": 3465
}